Workbook
Name SlicerCache_Table_1_Col_13: #N/A

Sheet data on outstanding creditors
A1: รหัส-แผน | B1: วันที่ตรวจรับของ | C1: ชื่อเจ้าหนี้ | D1: เลขที่ใบส่งของ | E1: จำนวนเงิน | F1: จ่าย | G1: ปรับปรุง เจ้าหนี้ | H1: คงเหลือ | I1: วันที่ชำระเงิน | J1: อื่นๆ | K1: รับเอกสาร | L1: หมายเหตุ | M1: ค่า | N1: หน่วยงาน | O1: Goods Value | P1: Vat 7 % | Q1: วันที่ตรวจรับของ2 | R1: วันที่ตรวจรับของ3 | S1: วันที่ตรวจรับของ4 | T1: กันซ้ำ
B2: 45695 | C2: บ.พีเอ็มแอล ฟาร์มาซูติคอลส์ | D2: SIS250205-084 | E2: 15000 | F2: 15000 | H2: ='data on outstanding creditors'!$E2-'data on outstanding creditors'!$F2-'data on outstanding creditors'!$G2 -> 0 | I2: 45938 | M2: 2.1.01 ค่ายา | N2: กลุ่มงาน เภสัชกรรม | O2: ='data on outstanding creditors'!$E2*100/107 -> 14018.692 | P2: ='data on outstanding creditors'!$E2-'data on outstanding creditors'!$O2 -> 981.30841 | Q2: =DAY('data on outstanding creditors'!$B2) -> 7 | R2: =MONTH('data on outstanding creditors'!$B2) -> 2 | S2: =YEAR('data on outstanding creditors'!$B2) -> 2025 | T2: ='data on outstanding creditors'!$C2&" "&'data on outstanding creditors'!$D2&" "&TEXT('data on outstanding creditors'!$E2,"#,##0.00") -> บ.พีเอ็มแอล ฟาร์มาซูติคอลส์ SIS250205-084 15,000.00
B3: 45734 | C3: บ.เซ็นทรัลโพลีเทรดดิ้ง | D3: 31i25013722 | E3: 43980 | F3: 43980 | H3: ='data on outstanding creditors'!$E3-'data on outstanding creditors'!$F3-'data on outstanding creditors'!$G3 -> 0 | I3: 45938 | M3: 2.1.01 ค่ายา | N3: กลุ่มงาน เภสัชกรรม | O3: ='data on outstanding creditors'!$E3*100/107 -> 41102.804 | P3: ='data on outstanding creditors'!$E3-'data on outstanding creditors'!$O3 -> 2877.1963 | Q3: =DAY('data on outstanding creditors'!$B3) -> 18 | R3: =MONTH('data on outstanding creditors'!$B3) -> 3 | S3: =YEAR('data on outstanding creditors'!$B3) -> 2025 | T3: ='data on outstanding creditors'!$C3&" "&'data on outstanding creditors'!$D3&" "&TEXT('data on outstanding creditors'!$E3,"#,##0.00") -> บ.เซ็นทรัลโพลีเทรดดิ้ง 31i25013722 43,980.00
B4: 45734 | C4: บ.เซ็นทรัลโพลีเทรดดิ้ง | D4: 31i25014076 | E4: 48000 | F4: 48000 | H4: ='data on outstanding creditors'!$E4-'data on outstanding creditors'!$F4-'data on outstanding creditors'!$G4 -> 0 | I4: 45938 | M4: 2.1.01 ค่ายา | N4: กลุ่มงาน เภสัชกรรม | O4: ='data on outstanding creditors'!$E4*100/107 -> 44859.813 | P4: ='data on outstanding creditors'!$E4-'data on outstanding creditors'!$O4 -> 3140.1869 | Q4: =DAY('data on outstanding creditors'!$B4) -> 18 | R4: =MONTH('data on outstanding creditors'!$B4) -> 3 | S4: =YEAR('data on outstanding creditors'!$B4) -> 2025 | T4: ='data on outstanding creditors'!$C4&" "&'data on outstanding creditors'!$D4&" "&TEXT('data on outstanding creditors'!$E4,"#,##0.00") -> บ.เซ็นทรัลโพลีเทรดดิ้ง 31i25014076 48,000.00
B5: 45737 | C5: บ.เซ็นทรัลโพลีเทรดดิ้ง | D5: 31i25015092 | E5: 55000 | F5: 55000 | H5: ='data on outstanding creditors'!$E5-'data on outstanding creditors'!$F5-'data on outstanding creditors'!$G5 -> 0 | I5: 45938 | M5: 2.1.01 ค่ายา | N5: กลุ่มงาน เภสัชกรรม | O5: ='data on outstanding creditors'!$E5*100/107 -> 51401.869 | P5: ='data on outstanding creditors'!$E5-'data on outstanding creditors'!$O5 -> 3598.1308 | Q5: =DAY('data on outstanding creditors'!$B5) -> 21 | R5: =MONTH('data on outstanding creditors'!$B5) -> 3 | S5: =YEAR('data on outstanding creditors'!$B5) -> 2025 | T5: ='data on outstanding creditors'!$C5&" "&'data on outstanding creditors'!$D5&" "&TEXT('data on outstanding creditors'!$E5,"#,##0.00") -> บ.เซ็นทรัลโพลีเทรดดิ้ง 31i25015092 55,000.00
B6: 45742 | C6: บ.เซ็นทรัลโพลีเทรดดิ้ง | D6: 31i25016112 | E6: 68000 | F6: 68000 | H6: ='data on outstanding creditors'!$E6-'data on outstanding creditors'!$F6-'data on outstanding creditors'!$G6 -> 0 | I6: 45938 | M6: 2.1.01 ค่ายา | N6: กลุ่มงาน เภสัชกรรม | O6: ='data on outstanding creditors'!$E6*100/107 -> 63551.402 | P6: ='data on outstanding creditors'!$E6-'data on outstanding creditors'!$O6 -> 4448.5981 | Q6: =DAY('data on outstanding creditors'!$B6) -> 26 | R6: =MONTH('data on outstanding creditors'!$B6) -> 3 | S6: =YEAR('data on outstanding creditors'!$B6) -> 2025 | T6: ='data on outstanding creditors'!$C6&" "&'data on outstanding creditors'!$D6&" "&TEXT('data on outstanding creditors'!$E6,"#,##0.00") -> บ.เซ็นทรัลโพลีเทรดดิ้ง 31i25016112 68,000.00
B7: 45742 | C7: บ.เซ็นทรัลโพลีเทรดดิ้ง | D7: 31i25016114 | E7: 28000 | F7: 28000 | H7: ='data on outstanding creditors'!$E7-'data on outstanding creditors'!$F7-'data on outstanding creditors'!$G7 -> 0 | I7: 45938 | M7: 2.1.01 ค่ายา | N7: กลุ่มงาน เภสัชกรรม | O7: ='data on outstanding creditors'!$E7*100/107 -> 26168.224 | P7: ='data on outstanding creditors'!$E7-'data on outstanding creditors'!$O7 -> 1831.7757 | Q7: =DAY('data on outstanding creditors'!$B7) -> 26 | R7: =MONTH('data on outstanding creditors'!$B7) -> 3 | S7: =YEAR('data on outstanding creditors'!$B7) -> 2025 | T7: ='data on outstanding creditors'!$C7&" "&'data on outstanding creditors'!$D7&" "&TEXT('data on outstanding creditors'!$E7,"#,##0.00") -> บ.เซ็นทรัลโพลีเทรดดิ้ง 31i25016114 28,000.00
B8: 45742 | C8: บ.เซ็นทรัลโพลีเทรดดิ้ง | D8: 31i25016391 | E8: 15000 | F8: 15000 | H8: ='data on outstanding creditors'!$E8-'data on outstanding creditors'!$F8-'data on outstanding creditors'!$G8 -> 0 | I8: 45938 | M8: 2.1.01 ค่ายา | N8: กลุ่มงาน เภสัชกรรม | O8: ='data on outstanding creditors'!$E8*100/107 -> 14018.692 | P8: ='data on outstanding creditors'!$E8-'data on outstanding creditors'!$O8 -> 981.30841 | Q8: =DAY('data on outstanding creditors'!$B8) -> 26 | R8: =MONTH('data on outstanding creditors'!$B8) -> 3 | S8: =YEAR('data on outstanding creditors'!$B8) -> 2025 | T8: ='data on outstanding creditors'!$C8&" "&'data on outstanding creditors'!$D8&" "&TEXT('data on outstanding creditors'!$E8,"#,##0.00") -> บ.เซ็นทรัลโพลีเทรดดิ้ง 31i25016391 15,000.00
B9: 45751 | C9: บ.เซ็นทรัลโพลีเทรดดิ้ง | D9: 31i25017963 | E9: 10000 | F9: 10000 | H9: ='data on outstanding creditors'!$E9-'data on outstanding creditors'!$F9-'data on outstanding creditors'!$G9 -> 0 | I9: 45938 | M9: 2.1.01 ค่ายา | N9: กลุ่มงาน เภสัชกรรม | O9: ='data on outstanding creditors'!$E9*100/107 -> 9345.7944 | P9: ='data on outstanding creditors'!$E9-'data on outstanding creditors'!$O9 -> 654.20561 | Q9: =DAY('data on outstanding creditors'!$B9) -> 4 | R9: =MONTH('data on outstanding creditors'!$B9) -> 4 | S9: =YEAR('data on outstanding creditors'!$B9) -> 2025 | T9: ='data on outstanding creditors'!$C9&" "&'data on outstanding creditors'!$D9&" "&TEXT('data on outstanding creditors'!$E9,"#,##0.00") -> บ.เซ็นทรัลโพลีเทรดดิ้ง 31i25017963 10,000.00
B10: 45758 | C10: บ.เซ็นทรัลโพลีเทรดดิ้ง | D10: 31i25018889 | E10: 43200 | F10: 43200 | H10: ='data on outstanding creditors'!$E10-'data on outstanding creditors'!$F10-'data on outstanding creditors'!$G10 -> 0 | I10: 45938 | M10: 2.1.01 ค่ายา | N10: กลุ่มงาน เภสัชกรรม | O10: ='data on outstanding creditors'!$E10*100/107 -> 40373.832 | P10: ='data on outstanding creditors'!$E10-'data on outstanding creditors'!$O10 -> 2826.1682 | Q10: =DAY('data on outstanding creditors'!$B10) -> 11 | R10: =MONTH('data on outstanding creditors'!$B10) -> 4 | S10: =YEAR('data on outstanding creditors'!$B10) -> 2025 | T10: ='data on outstanding creditors'!$C10&" "&'data on outstanding creditors'!$D10&" "&TEXT('data on outstanding creditors'!$E10,"#,##0.00") -> บ.เซ็นทรัลโพลีเทรดดิ้ง 31i25018889 43,200.00
B11: 45764 | C11: บ.เซ็นทรัลโพลีเทรดดิ้ง | D11: 31i25019285 | E11: 8250 | F11: 8250 | H11: ='data on outstanding creditors'!$E11-'data on outstanding creditors'!$F11-'data on outstanding creditors'!$G11 -> 0 | I11: 45938 | M11: 2.1.01 ค่ายา | N11: กลุ่มงาน เภสัชกรรม | O11: ='data on outstanding creditors'!$E11*100/107 -> 7710.2804 | P11: ='data on outstanding creditors'!$E11-'data on outstanding creditors'!$O11 -> 539.71963 | Q11: =DAY('data on outstanding creditors'!$B11) -> 17 | R11: =MONTH('data on outstanding creditors'!$B11) -> 4 | S11: =YEAR('data on outstanding creditors'!$B11) -> 2025 | T11: ='data on outstanding creditors'!$C11&" "&'data on outstanding creditors'!$D11&" "&TEXT('data on outstanding creditors'!$E11,"#,##0.00") -> บ.เซ็นทรัลโพลีเทรดดิ้ง 31i25019285 8,250.00
B12: 45765 | C12: บ.เซ็นทรัลโพลีเทรดดิ้ง | D12: 31i25019846 | E12: 35000 | F12: 35000 | H12: ='data on outstanding creditors'!$E12-'data on outstanding creditors'!$F12-'data on outstanding creditors'!$G12 -> 0 | I12: 45938 | M12: 2.1.01 ค่ายา | N12: กลุ่มงาน เภสัชกรรม | O12: ='data on outstanding creditors'!$E12*100/107 -> 32710.28 | P12: ='data on outstanding creditors'!$E12-'data on outstanding creditors'!$O12 -> 2289.7196 | Q12: =DAY('data on outstanding creditors'!$B12) -> 18 | R12: =MONTH('data on outstanding creditors'!$B12) -> 4 | S12: =YEAR('data on outstanding creditors'!$B12) -> 2025 | T12: ='data on outstanding creditors'!$C12&" "&'data on outstanding creditors'!$D12&" "&TEXT('data on outstanding creditors'!$E12,"#,##0.00") -> บ.เซ็นทรัลโพลีเทรดดิ้ง 31i25019846 35,000.00
B13: 45765 | C13: บ.เซ็นทรัลโพลีเทรดดิ้ง | D13: 31i25020207 | E13: 8750 | F13: 8750 | H13: ='data on outstanding creditors'!$E13-'data on outstanding creditors'!$F13-'data on outstanding creditors'!$G13 -> 0 | I13: 45938 | M13: 2.1.01 ค่ายา | N13: กลุ่มงาน เภสัชกรรม | O13: ='data on outstanding creditors'!$E13*100/107 -> 8177.5701 | P13: ='data on outstanding creditors'!$E13-'data on outstanding creditors'!$O13 -> 572.42991 | Q13: =DAY('data on outstanding creditors'!$B13) -> 18 | R13: =MONTH('data on outstanding creditors'!$B13) -> 4 | S13: =YEAR('data on outstanding creditors'!$B13) -> 2025 | T13: ='data on outstanding creditors'!$C13&" "&'data on outstanding creditors'!$D13&" "&TEXT('data on outstanding creditors'!$E13,"#,##0.00") -> บ.เซ็นทรัลโพลีเทรดดิ้ง 31i25020207 8,750.00
... B19: 45687 | C19: บ.เอ็นราฟ-โนเนียส เมดิคอล อิควิปเมนท์ | D19: I6801/00064 | E19: 6000 | F19: 6000 | H19: ='data on outstanding creditors'!$E19-'data on outstanding creditors'!$F19-'data on outstanding creditors'!$G19 -> 0 | I19: 45938 | M19: 2.1.03 ค่าวัสดุการแพทย์ | N19: กลุ่มงาน เวชกรรมฟื้นฟู | O19: ='data on outstanding creditors'!$E19*100/107 -> 5607.4766 | P19: ='data on outstanding creditors'!$E19-'data on outstanding creditors'!$O19 -> 392.52336 | Q19: =DAY('data on outstanding creditors'!$B19) -> 30 | R19: =MONTH('data on outstanding creditors'!$B19) -> 1 | S19: =YEAR('data on outstanding creditors'!$B19) -> 2025 | T19: ='data on outstanding creditors'!$C19&" "&'data on outstanding creditors'!$D19&" "&TEXT('data on outstanding creditors'!$E19,"#,##0.00") -> บ.เอ็นราฟ-โนเนียส เมดิคอล อิควิปเมนท์ I6801/00064 6,000.00
A20: 1031-68 | B20: 45869 | C20: บ.เดอะคอนเนคเซอร์วิสเซล | D20: BL2025070058 | E20: 138638.8 | F20: 138638.8 | H20: ='data on outstanding creditors'!$E20-'data on outstanding creditors'!$F20-'data on outstanding creditors'!$G20 -> 0 | I20: 45938 | M20: 2.2.12 ค่าจ้างเหมาบริการอื่น (เบ็ดเตล็ด) | N20: กลุ่มงาน พัสดุ | O20: ='data on outstanding creditors'!$E20*100/107 -> 129568.97 | P20: ='data on outstanding creditors'!$E20-'data on outstanding creditors'!$O20 -> 9069.828 | Q20: =DAY('data on outstanding creditors'!$B20) -> 31 | R20: =MONTH('data on outstanding creditors'!$B20) -> 7 | S20: =YEAR('data on outstanding creditors'!$B20) -> 2025 | T20: ='data on outstanding creditors'!$C20&" "&'data on outstanding creditors'!$D20&" "&TEXT('data on outstanding creditors'!$E20,"#,##0.00") -> บ.เดอะคอนเนคเซอร์วิสเซล BL2025070058 138,638.80
A21: 1031-68 | B21: 45901 | C21: บ.เดอะคอนเนคเซอร์วิสเซล | D21: BL2025080063 | E21: 207955.17 | F21: 207955.17 | H21: ='data on outstanding creditors'!$E21-'data on outstanding creditors'!$F21-'data on outstanding creditors'!$G21 -> 0 | I21: 45938 | M21: 2.2.12 ค่าจ้างเหมาบริการอื่น (เบ็ดเตล็ด) | N21: กลุ่มงาน พัสดุ | O21: ='data on outstanding creditors'!$E21*100/107 -> 194350.63 | P21: ='data on outstanding creditors'!$E21-'data on outstanding creditors'!$O21 -> 13604.544 | Q21: =DAY('data on outstanding creditors'!$B21) -> 1 | R21: =MONTH('data on outstanding creditors'!$B21) -> 9 | S21: =YEAR('data on outstanding creditors'!$B21) -> 2025 | T21: ='data on outstanding creditors'!$C21&" "&'data on outstanding creditors'!$D21&" "&TEXT('data on outstanding creditors'!$E21,"#,##0.00") -> บ.เดอะคอนเนคเซอร์วิสเซล BL2025080063 207,955.17
A22: 1919-68 | B22: 45807 | C22: หจก.ส.เรืองโรจน์สระบุรี | D22: IV92173/030668 | E22: 139177.5 | F22: 139177.5 | H22: ='data on outstanding creditors'!$E22-'data on outstanding creditors'!$F22-'data on outstanding creditors'!$G22 -> 0 | I22: 45938 | M22: 2.2.13 ค่าจ้างเหมาบริการอื่น | N22: กลุ่มงาน พัสดุ | O22: ='data on outstanding creditors'!$E22*100/107 -> 130072.43 | P22: ='data on outstanding creditors'!$E22-'data on outstanding creditors'!$O22 -> 9105.0701 | Q22: =DAY('data on outstanding creditors'!$B22) -> 30 | R22: =MONTH('data on outstanding creditors'!$B22) -> 5 | S22: =YEAR('data on outstanding creditors'!$B22) -> 2025 | T22: ='data on outstanding creditors'!$C22&" "&'data on outstanding creditors'!$D22&" "&TEXT('data on outstanding creditors'!$E22,"#,##0.00") -> หจก.ส.เรืองโรจน์สระบุรี IV92173/030668 139,177.50
A23: 2539-68 | B23: 45852 | C23: บ.ห้องปฏิบัติการกลาง(ประเทศไทย) | D23: SIVKK-2506-0712 | E23: 3177.9 | F23: 3177.9 | H23: ='data on outstanding creditors'!$E23-'data on outstanding creditors'!$F23-'data on outstanding creditors'!$G23 -> 0 | I23: 45938 | M23: 2.2.17 ค่าจ้างตรวจ(LAB) | N23: กลุ่มงาน พัสดุ | O23: ='data on outstanding creditors'!$E23*100/107 -> 2970 | P23: ='data on outstanding creditors'!$E23-'data on outstanding creditors'!$O23 -> 207.9 | Q23: =DAY('data on outstanding creditors'!$B23) -> 14 | R23: =MONTH('data on outstanding creditors'!$B23) -> 7 | S23: =YEAR('data on outstanding creditors'!$B23) -> 2025 | T23: ='data on outstanding creditors'!$C23&" "&'data on outstanding creditors'!$D23&" "&TEXT('data on outstanding creditors'!$E23,"#,##0.00") -> บ.ห้องปฏิบัติการกลาง(ประเทศไทย) SIVKK-2506-0712 3,177.90
B24: 45673 | C24: บ.ไทย เฮลท์ อิมเมจจิ้ง MRI สิทธิ จ่ายตรง | D24: 001/028 11/67 | E24: 35100 | F24: 35100 | H24: ='data on outstanding creditors'!$E24-'data on outstanding creditors'!$F24-'data on outstanding creditors'!$G24 -> 0 | I24: 45938 | M24: 2.2.18 ค่าจ้างตรวจ(X-RAY) | N24: กลุ่มงาน พัสดุ | O24: ='data on outstanding creditors'!$E24*100/107 -> 32803.738 | P24: ='data on outstanding creditors'!$E24-'data on outstanding creditors'!$O24 -> 2296.2617 | Q24: =DAY('data on outstanding creditors'!$B24) -> 16 | R24: =MONTH('data on outstanding creditors'!$B24) -> 1 | S24: =YEAR('data on outstanding creditors'!$B24) -> 2025 | T24: ='data on outstanding creditors'!$C24&" "&'data on outstanding creditors'!$D24&" "&TEXT('data on outstanding creditors'!$E24,"#,##0.00") -> บ.ไทย เฮลท์ อิมเมจจิ้ง MRI สิทธิ จ่ายตรง 001/028 11/67 35,100.00
B25: 45673 | C25: บ.ไทย เฮลท์ อิมเมจจิ้ง MRI สิทธิ จ่ายตรง | D25: 001/033 11/67 | E25: 134850 | F25: 134850 | H25: ='data on outstanding creditors'!$E25-'data on outstanding creditors'!$F25-'data on outstanding creditors'!$G25 -> 0 | I25: 45938 | M25: 2.2.18 ค่าจ้างตรวจ(X-RAY) | N25: กลุ่มงาน พัสดุ | O25: ='data on outstanding creditors'!$E25*100/107 -> 126028.04 | P25: ='data on outstanding creditors'!$E25-'data on outstanding creditors'!$O25 -> 8821.9626 | Q25: =DAY('data on outstanding creditors'!$B25) -> 16 | R25: =MONTH('data on outstanding creditors'!$B25) -> 1 | S25: =YEAR('data on outstanding creditors'!$B25) -> 2025 | T25: ='data on outstanding creditors'!$C25&" "&'data on outstanding creditors'!$D25&" "&TEXT('data on outstanding creditors'!$E25,"#,##0.00") -> บ.ไทย เฮลท์ อิมเมจจิ้ง MRI สิทธิ จ่ายตรง 001/033 11/67 134,850.00
B26: 45673 | C26: บ.ไทย เฮลท์ อิมเมจจิ้ง MRI สิทธิ จ่ายตรง | D26: 001/034 11/67 | E26: 75550 | F26: 75550 | H26: ='data on outstanding creditors'!$E26-'data on outstanding creditors'!$F26-'data on outstanding creditors'!$G26 -> 0 | I26: 45938 | M26: 2.2.18 ค่าจ้างตรวจ(X-RAY) | N26: กลุ่มงาน พัสดุ | O26: ='data on outstanding creditors'!$E26*100/107 -> 70607.477 | P26: ='data on outstanding creditors'!$E26-'data on outstanding creditors'!$O26 -> 4942.5234 | Q26: =DAY('data on outstanding creditors'!$B26) -> 16 | R26: =MONTH('data on outstanding creditors'!$B26) -> 1 | S26: =YEAR('data on outstanding creditors'!$B26) -> 2025 | T26: ='data on outstanding creditors'!$C26&" "&'data on outstanding creditors'!$D26&" "&TEXT('data on outstanding creditors'!$E26,"#,##0.00") -> บ.ไทย เฮลท์ อิมเมจจิ้ง MRI สิทธิ จ่ายตรง 001/034 11/67 75,550.00
B27: 45673 | C27: บ.ไทย เฮลท์ อิมเมจจิ้ง MRI สิทธิ ชำระเงิน | D27: 001/031 11/67 | E27: 13600 | F27: 13600 | H27: ='data on outstanding creditors'!$E27-'data on outstanding creditors'!$F27-'data on outstanding creditors'!$G27 -> 0 | I27: 45938 | M27: 2.2.18 ค่าจ้างตรวจ(X-RAY) | N27: กลุ่มงาน พัสดุ | O27: ='data on outstanding creditors'!$E27*100/107 -> 12710.28 | P27: ='data on outstanding creditors'!$E27-'data on outstanding creditors'!$O27 -> 889.71963 | Q27: =DAY('data on outstanding creditors'!$B27) -> 16 | R27: =MONTH('data on outstanding creditors'!$B27) -> 1 | S27: =YEAR('data on outstanding creditors'!$B27) -> 2025 | T27: ='data on outstanding creditors'!$C27&" "&'data on outstanding creditors'!$D27&" "&TEXT('data on outstanding creditors'!$E27,"#,##0.00") -> บ.ไทย เฮลท์ อิมเมจจิ้ง MRI สิทธิ ชำระเงิน 001/031 11/67 13,600.00
B28: 45673 | C28: บ.ไทย เฮลท์ อิมเมจจิ้ง MRI สิทธิ พรบ. | D28: 001/030 11/67 | E28: 33950 | F28: 33950 | H28: ='data on outstanding creditors'!$E28-'data on outstanding creditors'!$F28-'data on outstanding creditors'!$G28 -> 0 | I28: 45938 | M28: 2.2.18 ค่าจ้างตรวจ(X-RAY) | N28: กลุ่มงาน พัสดุ | O28: ='data on outstanding creditors'!$E28*100/107 -> 31728.972 | P28: ='data on outstanding creditors'!$E28-'data on outstanding creditors'!$O28 -> 2221.028 | Q28: =DAY('data on outstanding creditors'!$B28) -> 16 | R28: =MONTH('data on outstanding creditors'!$B28) -> 1 | S28: =YEAR('data on outstanding creditors'!$B28) -> 2025 | T28: ='data on outstanding creditors'!$C28&" "&'data on outstanding creditors'!$D28&" "&TEXT('data on outstanding creditors'!$E28,"#,##0.00") -> บ.ไทย เฮลท์ อิมเมจจิ้ง MRI สิทธิ พรบ. 001/030 11/67 33,950.00
B29: 45673 | C29: บ.ไทย เฮลท์ อิมเมจจิ้ง MRI สิทธิ สปสช | D29: 001/027 11/67 | E29: 76950 | F29: 76950 | H29: ='data on outstanding creditors'!$E29-'data on outstanding creditors'!$F29-'data on outstanding creditors'!$G29 -> 0 | I29: 45938 | M29: 2.2.18 ค่าจ้างตรวจ(X-RAY) | N29: กลุ่มงาน พัสดุ | O29: ='data on outstanding creditors'!$E29*100/107 -> 71915.888 | P29: ='data on outstanding creditors'!$E29-'data on outstanding creditors'!$O29 -> 5034.1121 | Q29: =DAY('data on outstanding creditors'!$B29) -> 16 | R29: =MONTH('data on outstanding creditors'!$B29) -> 1 | S29: =YEAR('data on outstanding creditors'!$B29) -> 2025 | T29: ='data on outstanding creditors'!$C29&" "&'data on outstanding creditors'!$D29&" "&TEXT('data on outstanding creditors'!$E29,"#,##0.00") -> บ.ไทย เฮลท์ อิมเมจจิ้ง MRI สิทธิ สปสช 001/027 11/67 76,950.00
B30: 45673 | C30: บ.ไทย เฮลท์ อิมเมจจิ้ง MRI สิทธิ สปสช | D30: 001/035 11/67 | E30: 142200 | F30: 142200 | H30: ='data on outstanding creditors'!$E30-'data on outstanding creditors'!$F30-'data on outstanding creditors'!$G30 -> 0 | I30: 45938 | M30: 2.2.18 ค่าจ้างตรวจ(X-RAY) | N30: กลุ่มงาน พัสดุ | O30: ='data on outstanding creditors'!$E30*100/107 -> 132897.2 | P30: ='data on outstanding creditors'!$E30-'data on outstanding creditors'!$O30 -> 9302.8037 | Q30: =DAY('data on outstanding creditors'!$B30) -> 16 | R30: =MONTH('data on outstanding creditors'!$B30) -> 1 | S30: =YEAR('data on outstanding creditors'!$B30) -> 2025 | T30: ='data on outstanding creditors'!$C30&" "&'data on outstanding creditors'!$D30&" "&TEXT('data on outstanding creditors'!$E30,"#,##0.00") -> บ.ไทย เฮลท์ อิมเมจจิ้ง MRI สิทธิ สปสช 001/035 11/67 142,200.00
B31: 45673 | C31: บ.ไทย เฮลท์ อิมเมจจิ้ง MRI สิทธิ สปสช | D31: 001/036 11/67 | E31: 119700 | F31: 119700 | H31: ='data on outstanding creditors'!$E31-'data on outstanding creditors'!$F31-'data on outstanding creditors'!$G31 -> 0 | I31: 45938 | M31: 2.2.18 ค่าจ้างตรวจ(X-RAY) | N31: กลุ่มงาน พัสดุ | O31: ='data on outstanding creditors'!$E31*100/107 -> 111869.16 | P31: ='data on outstanding creditors'!$E31-'data on outstanding creditors'!$O31 -> 7830.8411 | Q31: =DAY('data on outstanding creditors'!$B31) -> 16 | R31: =MONTH('data on outstanding creditors'!$B31) -> 1 | S31: =YEAR('data on outstanding creditors'!$B31) -> 2025 | T31: ='data on outstanding creditors'!$C31&" "&'data on outstanding creditors'!$D31&" "&TEXT('data on outstanding creditors'!$E31,"#,##0.00") -> บ.ไทย เฮลท์ อิมเมจจิ้ง MRI สิทธิ สปสช 001/036 11/67 119,700.00
B32: 45688 | C32: บ.ไทย เฮลท์ อิมเมจจิ้ง MRI สิทธิ จ่ายตรง | D32: 001/039 12/67 | E32: 18000 | F32: 18000 | H32: ='data on outstanding creditors'!$E32-'data on outstanding creditors'!$F32-'data on outstanding creditors'!$G32 -> 0 | I32: 45938 | M32: 2.2.18 ค่าจ้างตรวจ(X-RAY) | N32: กลุ่มงาน พัสดุ | O32: ='data on outstanding creditors'!$E32*100/107 -> 16822.43 | P32: ='data on outstanding creditors'!$E32-'data on outstanding creditors'!$O32 -> 1177.5701 | Q32: =DAY('data on outstanding creditors'!$B32) -> 31 | R32: =MONTH('data on outstanding creditors'!$B32) -> 1 | S32: =YEAR('data on outstanding creditors'!$B32) -> 2025 | T32: ='data on outstanding creditors'!$C32&" "&'data on outstanding creditors'!$D32&" "&TEXT('data on outstanding creditors'!$E32,"#,##0.00") -> บ.ไทย เฮลท์ อิมเมจจิ้ง MRI สิทธิ จ่ายตรง 001/039 12/67 18,000.00
B33: 45688 | C33: บ.ไทย เฮลท์ อิมเมจจิ้ง MRI สิทธิ จ่ายตรง | D33: 001/042 12/67 | E33: 120450 | F33: 120450 | H33: ='data on outstanding creditors'!$E33-'data on outstanding creditors'!$F33-'data on outstanding creditors'!$G33 -> 0 | I33: 45938 | M33: 2.2.18 ค่าจ้างตรวจ(X-RAY) | N33: กลุ่มงาน พัสดุ | O33: ='data on outstanding creditors'!$E33*100/107 -> 112570.09 | P33: ='data on outstanding creditors'!$E33-'data on outstanding creditors'!$O33 -> 7879.9065 | Q33: =DAY('data on outstanding creditors'!$B33) -> 31 | R33: =MONTH('data on outstanding creditors'!$B33) -> 1 | S33: =YEAR('data on outstanding creditors'!$B33) -> 2025 | T33: ='data on outstanding creditors'!$C33&" "&'data on outstanding creditors'!$D33&" "&TEXT('data on outstanding creditors'!$E33,"#,##0.00") -> บ.ไทย เฮลท์ อิมเมจจิ้ง MRI สิทธิ จ่ายตรง 001/042 12/67 120,450.00
B34: 45688 | C34: บ.ไทย เฮลท์ อิมเมจจิ้ง MRI สิทธิ จ่ายตรง | D34: 001/043 12/67 | E34: 66150 | F34: 66150 | H34: ='data on outstanding creditors'!$E34-'data on outstanding creditors'!$F34-'data on outstanding creditors'!$G34 -> 0 | I34: 45938 | M34: 2.2.18 ค่าจ้างตรวจ(X-RAY) | N34: กลุ่มงาน พัสดุ | O34: ='data on outstanding creditors'!$E34*100/107 -> 61822.43 | P34: ='data on outstanding creditors'!$E34-'data on outstanding creditors'!$O34 -> 4327.5701 | Q34: =DAY('data on outstanding creditors'!$B34) -> 31 | R34: =MONTH('data on outstanding creditors'!$B34) -> 1 | S34: =YEAR('data on outstanding creditors'!$B34) -> 2025 | T34: ='data on outstanding creditors'!$C34&" "&'data on outstanding creditors'!$D34&" "&TEXT('data on outstanding creditors'!$E34,"#,##0.00") -> บ.ไทย เฮลท์ อิมเมจจิ้ง MRI สิทธิ จ่ายตรง 001/043 12/67 66,150.00
B35: 45688 | C35: บ.ไทย เฮลท์ อิมเมจจิ้ง MRI สิทธิ พรบ. | D35: 001/041 12/67 | E35: 20400 | F35: 20400 | H35: ='data on outstanding creditors'!$E35-'data on outstanding creditors'!$F35-'data on outstanding creditors'!$G35 -> 0 | I35: 45938 | M35: 2.2.18 ค่าจ้างตรวจ(X-RAY) | N35: กลุ่มงาน พัสดุ | O35: ='data on outstanding creditors'!$E35*100/107 -> 19065.421 | P35: ='data on outstanding creditors'!$E35-'data on outstanding creditors'!$O35 -> 1334.5794 | Q35: =DAY('data on outstanding creditors'!$B35) -> 31 | R35: =MONTH('data on outstanding creditors'!$B35) -> 1 | S35: =YEAR('data on outstanding creditors'!$B35) -> 2025 | T35: ='data on outstanding creditors'!$C35&" "&'data on outstanding creditors'!$D35&" "&TEXT('data on outstanding creditors'!$E35,"#,##0.00") -> บ.ไทย เฮลท์ อิมเมจจิ้ง MRI สิทธิ พรบ. 001/041 12/67 20,400.00
... B40: 45693 | C40: บ.ไทย เฮลท์ อิมเมจจิ้ง MMG สิทธิ จ่ายตรง | D40: 016/752 11/67 | E40: 19200 | F40: 19200 | H40: ='data on outstanding creditors'!$E40-'data on outstanding creditors'!$F40-'data on outstanding creditors'!$G40 -> 0 | I40: 45938 | M40: 2.2.18 ค่าจ้างตรวจ(X-RAY) | N40: กลุ่มงาน พัสดุ | O40: ='data on outstanding creditors'!$E40*100/107 -> 17943.925 | P40: ='data on outstanding creditors'!$E40-'data on outstanding creditors'!$O40 -> 1256.0748 | Q40: =DAY('data on outstanding creditors'!$B40) -> 5 | R40: =MONTH('data on outstanding creditors'!$B40) -> 2 | S40: =YEAR('data on outstanding creditors'!$B40) -> 2025 | T40: ='data on outstanding creditors'!$C40&" "&'data on outstanding creditors'!$D40&" "&TEXT('data on outstanding creditors'!$E40,"#,##0.00") -> บ.ไทย เฮลท์ อิมเมจจิ้ง MMG สิทธิ จ่ายตรง 016/752 11/67 19,200.00
A41: 1665-68 | B41: 45818 | C41: ร้าน สมาร์ทดอกคิวเมนท์ | D41: S680005 | E41: 114000 | F41: 114000 | H41: ='data on outstanding creditors'!$E41-'data on outstanding creditors'!$F41-'data on outstanding creditors'!$G41 -> 0 | I41: 45938 | M41: 2.3.02 ค่าครุภัณฑ์สำนักงาน | N41: กลุ่มงาน พัสดุ | O41: ='data on outstanding creditors'!$E41*100/107 -> 106542.06 | P41: ='data on outstanding creditors'!$E41-'data on outstanding creditors'!$O41 -> 7457.9439 | Q41: =DAY('data on outstanding creditors'!$B41) -> 10 | R41: =MONTH('data on outstanding creditors'!$B41) -> 6 | S41: =YEAR('data on outstanding creditors'!$B41) -> 2025 | T41: ='data on outstanding creditors'!$C41&" "&'data on outstanding creditors'!$D41&" "&TEXT('data on outstanding creditors'!$E41,"#,##0.00") -> ร้าน สมาร์ทดอกคิวเมนท์ S680005 114,000.00
A42: 741-68 | B42: 45845 | C42: บ.ดูวอนไทย | D42: DW088/2568 | E42: 39000 | F42: 39000 | H42: ='data on outstanding creditors'!$E42-'data on outstanding creditors'!$F42-'data on outstanding creditors'!$G42 -> 0 | I42: 45938 | M42: 2.3.08 ค่าครุภัณฑ์วิทยาศาสตร์การแพทย์ | N42: กลุ่มงาน พัสดุ | O42: ='data on outstanding creditors'!$E42*100/107 -> 36448.598 | P42: ='data on outstanding creditors'!$E42-'data on outstanding creditors'!$O42 -> 2551.4019 | Q42: =DAY('data on outstanding creditors'!$B42) -> 7 | R42: =MONTH('data on outstanding creditors'!$B42) -> 7 | S42: =YEAR('data on outstanding creditors'!$B42) -> 2025 | T42: ='data on outstanding creditors'!$C42&" "&'data on outstanding creditors'!$D42&" "&TEXT('data on outstanding creditors'!$E42,"#,##0.00") -> บ.ดูวอนไทย DW088/2568 39,000.00
A43: 3410-68 | B43: 45889 | C43: หจก.นางรองคอมพิวเตอร์ เซ็นเตอร์ | D43: IV2508-065644 | E43: 2940 | F43: 2940 | H43: ='data on outstanding creditors'!$E43-'data on outstanding creditors'!$F43-'data on outstanding creditors'!$G43 -> 0 | I43: 45939 | M43: 2.1.05 ค่าวัสดุคอมพิวเตอร์ | N43: กลุ่มงาน พัสดุ | O43: ='data on outstanding creditors'!$E43*100/107 -> 2747.6636 | P43: ='data on outstanding creditors'!$E43-'data on outstanding creditors'!$O43 -> 192.33645 | Q43: =DAY('data on outstanding creditors'!$B43) -> 20 | R43: =MONTH('data on outstanding creditors'!$B43) -> 8 | S43: =YEAR('data on outstanding creditors'!$B43) -> 2025 | T43: ='data on outstanding creditors'!$C43&" "&'data on outstanding creditors'!$D43&" "&TEXT('data on outstanding creditors'!$E43,"#,##0.00") -> หจก.นางรองคอมพิวเตอร์ เซ็นเตอร์ IV2508-065644 2,940.00
A44: 3192-68 | B44: 45894 | C44: หจก.นางรองคอมพิวเตอร์ เซ็นเตอร์ | D44: IV2508-065740 | E44: 1700 | F44: 1700 | H44: ='data on outstanding creditors'!$E44-'data on outstanding creditors'!$F44-'data on outstanding creditors'!$G44 -> 0 | I44: 45939 | M44: 2.1.05 ค่าวัสดุคอมพิวเตอร์ | N44: กลุ่มงาน พัสดุ | O44: ='data on outstanding creditors'!$E44*100/107 -> 1588.785 | P44: ='data on outstanding creditors'!$E44-'data on outstanding creditors'!$O44 -> 111.21495 | Q44: =DAY('data on outstanding creditors'!$B44) -> 25 | R44: =MONTH('data on outstanding creditors'!$B44) -> 8 | S44: =YEAR('data on outstanding creditors'!$B44) -> 2025 | T44: ='data on outstanding creditors'!$C44&" "&'data on outstanding creditors'!$D44&" "&TEXT('data on outstanding creditors'!$E44,"#,##0.00") -> หจก.นางรองคอมพิวเตอร์ เซ็นเตอร์ IV2508-065740 1,700.00
A45: 3320-68 | B45: 45905 | C45: หจก.นางรองคอมพิวเตอร์ เซ็นเตอร์ | D45: IV2509-066191 | E45: 1470 | F45: 1470 | H45: ='data on outstanding creditors'!$E45-'data on outstanding creditors'!$F45-'data on outstanding creditors'!$G45 -> 0 | I45: 45939 | M45: 2.1.05 ค่าวัสดุคอมพิวเตอร์ | N45: กลุ่มงาน พัสดุ | O45: ='data on outstanding creditors'!$E45*100/107 -> 1373.8318 | P45: ='data on outstanding creditors'!$E45-'data on outstanding creditors'!$O45 -> 96.168224 | Q45: =DAY('data on outstanding creditors'!$B45) -> 5 | R45: =MONTH('data on outstanding creditors'!$B45) -> 9 | S45: =YEAR('data on outstanding creditors'!$B45) -> 2025 | T45: ='data on outstanding creditors'!$C45&" "&'data on outstanding creditors'!$D45&" "&TEXT('data on outstanding creditors'!$E45,"#,##0.00") -> หจก.นางรองคอมพิวเตอร์ เซ็นเตอร์ IV2509-066191 1,470.00
A46: 4010-68 | B46: 45924 | C46: หจก.ทวีศักดิ์การไฟฟ้า 2018 | D46: TN00003003 | E46: 600 | F46: 600 | H46: ='data on outstanding creditors'!$E46-'data on outstanding creditors'!$F46-'data on outstanding creditors'!$G46 -> 0 | I46: 45939 | M46: 2.1.05 ค่าวัสดุคอมพิวเตอร์ | N46: กลุ่มงาน พัสดุ | O46: ='data on outstanding creditors'!$E46*100/107 -> 560.74766 | P46: ='data on outstanding creditors'!$E46-'data on outstanding creditors'!$O46 -> 39.252336 | Q46: =DAY('data on outstanding creditors'!$B46) -> 24 | R46: =MONTH('data on outstanding creditors'!$B46) -> 9 | S46: =YEAR('data on outstanding creditors'!$B46) -> 2025 | T46: ='data on outstanding creditors'!$C46&" "&'data on outstanding creditors'!$D46&" "&TEXT('data on outstanding creditors'!$E46,"#,##0.00") -> หจก.ทวีศักดิ์การไฟฟ้า 2018 TN00003003 600.00
A47: 1662-68 | B47: 45834 | C47: บ.ก้ำหมงเครื่องครัว | D47: INV680626004 | E47: 2934 | F47: 2934 | H47: ='data on outstanding creditors'!$E47-'data on outstanding creditors'!$F47-'data on outstanding creditors'!$G47 -> 0 | I47: 45939 | M47: 2.1.06 ค่าวัสดุสำนักงาน | N47: กลุ่มงาน พัสดุ | O47: ='data on outstanding creditors'!$E47*100/107 -> 2742.0561 | P47: ='data on outstanding creditors'!$E47-'data on outstanding creditors'!$O47 -> 191.94393 | Q47: =DAY('data on outstanding creditors'!$B47) -> 26 | R47: =MONTH('data on outstanding creditors'!$B47) -> 6 | S47: =YEAR('data on outstanding creditors'!$B47) -> 2025 | T47: ='data on outstanding creditors'!$C47&" "&'data on outstanding creditors'!$D47&" "&TEXT('data on outstanding creditors'!$E47,"#,##0.00") -> บ.ก้ำหมงเครื่องครัว INV680626004 2,934.00
A48: 3234-68 | B48: 45898 | C48: หจก.ทวีศักดิ์การไฟฟ้า 2018 | D48: TN00002955 | E48: 3600 | F48: 3600 | H48: ='data on outstanding creditors'!$E48-'data on outstanding creditors'!$F48-'data on outstanding creditors'!$G48 -> 0 | I48: 45939 | M48: 2.1.06 ค่าวัสดุสำนักงาน | N48: กลุ่มงาน พัสดุ | O48: ='data on outstanding creditors'!$E48*100/107 -> 3364.486 | P48: ='data on outstanding creditors'!$E48-'data on outstanding creditors'!$O48 -> 235.51402 | Q48: =DAY('data on outstanding creditors'!$B48) -> 29 | R48: =MONTH('data on outstanding creditors'!$B48) -> 8 | S48: =YEAR('data on outstanding creditors'!$B48) -> 2025 | T48: ='data on outstanding creditors'!$C48&" "&'data on outstanding creditors'!$D48&" "&TEXT('data on outstanding creditors'!$E48,"#,##0.00") -> หจก.ทวีศักดิ์การไฟฟ้า 2018 TN00002955 3,600.00
A49: 3488-68 | B49: 45915 | C49: นาย อิฐธิเดช นาแพง | D49: 01/01 | E49: 3850 | F49: 3850 | H49: ='data on outstanding creditors'!$E49-'data on outstanding creditors'!$F49-'data on outstanding creditors'!$G49 -> 0 | I49: 45939 | M49: 2.1.06 ค่าวัสดุสำนักงาน | N49: กลุ่มงาน พัสดุ | O49: ='data on outstanding creditors'!$E49*100/107 -> 3598.1308 | P49: ='data on outstanding creditors'!$E49-'data on outstanding creditors'!$O49 -> 251.86916 | Q49: =DAY('data on outstanding creditors'!$B49) -> 15 | R49: =MONTH('data on outstanding creditors'!$B49) -> 9 | S49: =YEAR('data on outstanding creditors'!$B49) -> 2025 | T49: ='data on outstanding creditors'!$C49&" "&'data on outstanding creditors'!$D49&" "&TEXT('data on outstanding creditors'!$E49,"#,##0.00") -> นาย อิฐธิเดช นาแพง 01/01 3,850.00
A50: 3327-68 | B50: 45917 | C50: ร้าน ต้นดีไซน์ | D50: 60/17 | E50: 27000 | F50: 27000 | H50: ='data on outstanding creditors'!$E50-'data on outstanding creditors'!$F50-'data on outstanding creditors'!$G50 -> 0 | I50: 45939 | M50: 2.1.06 ค่าวัสดุสำนักงาน | N50: กลุ่มงาน พัสดุ | O50: ='data on outstanding creditors'!$E50*100/107 -> 25233.645 | P50: ='data on outstanding creditors'!$E50-'data on outstanding creditors'!$O50 -> 1766.3551 | Q50: =DAY('data on outstanding creditors'!$B50) -> 17 | R50: =MONTH('data on outstanding creditors'!$B50) -> 9 | S50: =YEAR('data on outstanding creditors'!$B50) -> 2025 | T50: ='data on outstanding creditors'!$C50&" "&'data on outstanding creditors'!$D50&" "&TEXT('data on outstanding creditors'!$E50,"#,##0.00") -> ร้าน ต้นดีไซน์ 60/17 27,000.00
A51: 2492-68 | B51: 45832 | C51: สหกรการเกษตรเพื่อการตลาดลูกค้า | D51: 332/46 | E51: 52000 | F51: 52000 | H51: ='data on outstanding creditors'!$E51-'data on outstanding creditors'!$F51-'data on outstanding creditors'!$G51 -> 0 | I51: 45939 | M51: 2.1.07 ค่าวัสดุบริโภค | N51: กลุ่มงาน พัสดุ | O51: ='data on outstanding creditors'!$E51*100/107 -> 48598.131 | P51: ='data on outstanding creditors'!$E51-'data on outstanding creditors'!$O51 -> 3401.8692 | Q51: =DAY('data on outstanding creditors'!$B51) -> 24 | R51: =MONTH('data on outstanding creditors'!$B51) -> 6 | S51: =YEAR('data on outstanding creditors'!$B51) -> 2025 | T51: ='data on outstanding creditors'!$C51&" "&'data on outstanding creditors'!$D51&" "&TEXT('data on outstanding creditors'!$E51,"#,##0.00") -> สหกรการเกษตรเพื่อการตลาดลูกค้า 332/46 52,000.00
A52: 3169-68 | B52: 45889 | C52: ร้าน น้ำดื่มเพชราวอเธอร์ | D52: 1/20 | E52: 46000 | F52: 46000 | H52: ='data on outstanding creditors'!$E52-'data on outstanding creditors'!$F52-'data on outstanding creditors'!$G52 -> 0 | I52: 45939 | M52: 2.1.07 ค่าวัสดุบริโภค | N52: กลุ่มงาน พัสดุ | O52: ='data on outstanding creditors'!$E52*100/107 -> 42990.654 | P52: ='data on outstanding creditors'!$E52-'data on outstanding creditors'!$O52 -> 3009.3458 | Q52: =DAY('data on outstanding creditors'!$B52) -> 20 | R52: =MONTH('data on outstanding creditors'!$B52) -> 8 | S52: =YEAR('data on outstanding creditors'!$B52) -> 2025 | T52: ='data on outstanding creditors'!$C52&" "&'data on outstanding creditors'!$D52&" "&TEXT('data on outstanding creditors'!$E52,"#,##0.00") -> ร้าน น้ำดื่มเพชราวอเธอร์ 1/20 46,000.00
... A65: 1298-68 | B65: 45748 | C65: หจก.บุรีรัมย์ซัพพลายอีเล็คโทรนิค | D65: I68/000204 | E65: 6340 | F65: 6340 | H65: ='data on outstanding creditors'!$E65-'data on outstanding creditors'!$F65-'data on outstanding creditors'!$G65 -> 0 | I65: 45939 | M65: 2.1.18 ค่าวัสดุอื่น | N65: กลุ่มงาน พัสดุ | O65: ='data on outstanding creditors'!$E65*100/107 -> 5925.2336 | P65: ='data on outstanding creditors'!$E65-'data on outstanding creditors'!$O65 -> 414.76636 | Q65: =DAY('data on outstanding creditors'!$B65) -> 1 | R65: =MONTH('data on outstanding creditors'!$B65) -> 4 | S65: =YEAR('data on outstanding creditors'!$B65) -> 2025 | T65: ='data on outstanding creditors'!$C65&" "&'data on outstanding creditors'!$D65&" "&TEXT('data on outstanding creditors'!$E65,"#,##0.00") -> หจก.บุรีรัมย์ซัพพลายอีเล็คโทรนิค I68/000204 6,340.00
B66: 45863 | C66: บ.มาเจริญ โฮม เฟอร์นิเจอร์ | D66: 183/9101 | E66: 900 | F66: 900 | H66: ='data on outstanding creditors'!$E66-'data on outstanding creditors'!$F66-'data on outstanding creditors'!$G66 -> 0 | I66: 45939 | M66: 2.1.18 ค่าวัสดุอื่น | N66: กลุ่มงาน พัสดุ | O66: ='data on outstanding creditors'!$E66*100/107 -> 841.1215 | P66: ='data on outstanding creditors'!$E66-'data on outstanding creditors'!$O66 -> 58.878505 | Q66: =DAY('data on outstanding creditors'!$B66) -> 25 | R66: =MONTH('data on outstanding creditors'!$B66) -> 7 | S66: =YEAR('data on outstanding creditors'!$B66) -> 2025 | T66: ='data on outstanding creditors'!$C66&" "&'data on outstanding creditors'!$D66&" "&TEXT('data on outstanding creditors'!$E66,"#,##0.00") -> บ.มาเจริญ โฮม เฟอร์นิเจอร์ 183/9101 900.00
B67: 45863 | C67: บ.มาเจริญ โฮม เฟอร์นิเจอร์ | D67: 182/9098 | E67: 1350 | F67: 1350 | H67: ='data on outstanding creditors'!$E67-'data on outstanding creditors'!$F67-'data on outstanding creditors'!$G67 -> 0 | I67: 45939 | M67: 2.1.18 ค่าวัสดุอื่น | N67: กลุ่มงาน พัสดุ | O67: ='data on outstanding creditors'!$E67*100/107 -> 1261.6822 | P67: ='data on outstanding creditors'!$E67-'data on outstanding creditors'!$O67 -> 88.317757 | Q67: =DAY('data on outstanding creditors'!$B67) -> 25 | R67: =MONTH('data on outstanding creditors'!$B67) -> 7 | S67: =YEAR('data on outstanding creditors'!$B67) -> 2025 | T67: ='data on outstanding creditors'!$C67&" "&'data on outstanding creditors'!$D67&" "&TEXT('data on outstanding creditors'!$E67,"#,##0.00") -> บ.มาเจริญ โฮม เฟอร์นิเจอร์ 182/9098 1,350.00
A68: 3213-68 | B68: 45890 | C68: ร้าน เอส เค แอร์ อิเล็กโทรนิคส์ 2 | D68: 020/0965 | E68: 2150 | F68: 2150 | H68: ='data on outstanding creditors'!$E68-'data on outstanding creditors'!$F68-'data on outstanding creditors'!$G68 -> 0 | I68: 45939 | M68: 2.1.18 ค่าวัสดุอื่น | N68: กลุ่มงาน พัสดุ | O68: ='data on outstanding creditors'!$E68*100/107 -> 2009.3458 | P68: ='data on outstanding creditors'!$E68-'data on outstanding creditors'!$O68 -> 140.65421 | Q68: =DAY('data on outstanding creditors'!$B68) -> 21 | R68: =MONTH('data on outstanding creditors'!$B68) -> 8 | S68: =YEAR('data on outstanding creditors'!$B68) -> 2025 | T68: ='data on outstanding creditors'!$C68&" "&'data on outstanding creditors'!$D68&" "&TEXT('data on outstanding creditors'!$E68,"#,##0.00") -> ร้าน เอส เค แอร์ อิเล็กโทรนิคส์ 2 020/0965 2,150.00
A69: 3261-68 | B69: 45903 | C69: หจก.บุรีรัมย์ซัพพลายอีเล็คโทรนิค | D69: I68/000553 | E69: 3400 | F69: 3400 | H69: ='data on outstanding creditors'!$E69-'data on outstanding creditors'!$F69-'data on outstanding creditors'!$G69 -> 0 | I69: 45939 | M69: 2.1.18 ค่าวัสดุอื่น | N69: กลุ่มงาน พัสดุ | O69: ='data on outstanding creditors'!$E69*100/107 -> 3177.5701 | P69: ='data on outstanding creditors'!$E69-'data on outstanding creditors'!$O69 -> 222.42991 | Q69: =DAY('data on outstanding creditors'!$B69) -> 3 | R69: =MONTH('data on outstanding creditors'!$B69) -> 9 | S69: =YEAR('data on outstanding creditors'!$B69) -> 2025 | T69: ='data on outstanding creditors'!$C69&" "&'data on outstanding creditors'!$D69&" "&TEXT('data on outstanding creditors'!$E69,"#,##0.00") -> หจก.บุรีรัมย์ซัพพลายอีเล็คโทรนิค I68/000553 3,400.00
A70: 3363-68 | B70: 45903 | C70: หจก.ทวีศักดิ์การไฟฟ้า 2018 | D70: TN00002967 | E70: 750 | F70: 750 | H70: ='data on outstanding creditors'!$E70-'data on outstanding creditors'!$F70-'data on outstanding creditors'!$G70 -> 0 | I70: 45939 | M70: 2.1.18 ค่าวัสดุอื่น | N70: กลุ่มงาน พัสดุ | O70: ='data on outstanding creditors'!$E70*100/107 -> 700.93458 | P70: ='data on outstanding creditors'!$E70-'data on outstanding creditors'!$O70 -> 49.065421 | Q70: =DAY('data on outstanding creditors'!$B70) -> 3 | R70: =MONTH('data on outstanding creditors'!$B70) -> 9 | S70: =YEAR('data on outstanding creditors'!$B70) -> 2025 | T70: ='data on outstanding creditors'!$C70&" "&'data on outstanding creditors'!$D70&" "&TEXT('data on outstanding creditors'!$E70,"#,##0.00") -> หจก.ทวีศักดิ์การไฟฟ้า 2018 TN00002967 750.00
A71: 3056-68 | B71: 45908 | C71: ร้าน เซฟตี้แอนด์เรสคิว | D71: 201/3 | E71: 4650 | F71: 4650 | H71: ='data on outstanding creditors'!$E71-'data on outstanding creditors'!$F71-'data on outstanding creditors'!$G71 -> 0 | I71: 45939 | M71: 2.1.18 ค่าวัสดุอื่น | N71: กลุ่มงาน พัสดุ | O71: ='data on outstanding creditors'!$E71*100/107 -> 4345.7944 | P71: ='data on outstanding creditors'!$E71-'data on outstanding creditors'!$O71 -> 304.20561 | Q71: =DAY('data on outstanding creditors'!$B71) -> 8 | R71: =MONTH('data on outstanding creditors'!$B71) -> 9 | S71: =YEAR('data on outstanding creditors'!$B71) -> 2025 | T71: ='data on outstanding creditors'!$C71&" "&'data on outstanding creditors'!$D71&" "&TEXT('data on outstanding creditors'!$E71,"#,##0.00") -> ร้าน เซฟตี้แอนด์เรสคิว 201/3 4,650.00
A72: 3619-68 | B72: 45910 | C72: ร้าน เซฟตี้แอนด์เรสคิว | D72: 6/11 | E72: 3800 | F72: 3800 | H72: ='data on outstanding creditors'!$E72-'data on outstanding creditors'!$F72-'data on outstanding creditors'!$G72 -> 0 | I72: 45939 | M72: 2.1.18 ค่าวัสดุอื่น | N72: กลุ่มงาน พัสดุ | O72: ='data on outstanding creditors'!$E72*100/107 -> 3551.4019 | P72: ='data on outstanding creditors'!$E72-'data on outstanding creditors'!$O72 -> 248.59813 | Q72: =DAY('data on outstanding creditors'!$B72) -> 10 | R72: =MONTH('data on outstanding creditors'!$B72) -> 9 | S72: =YEAR('data on outstanding creditors'!$B72) -> 2025 | T72: ='data on outstanding creditors'!$C72&" "&'data on outstanding creditors'!$D72&" "&TEXT('data on outstanding creditors'!$E72,"#,##0.00") -> ร้าน เซฟตี้แอนด์เรสคิว 6/11 3,800.00
A73: 3761-68 | B73: 45922 | C73: หจก.บุรีรัมย์ซัพพลายอีเล็คโทรนิค | D73: I68/000612 | E73: 2000 | F73: 2000 | H73: ='data on outstanding creditors'!$E73-'data on outstanding creditors'!$F73-'data on outstanding creditors'!$G73 -> 0 | I73: 45939 | M73: 2.1.18 ค่าวัสดุอื่น | N73: กลุ่มงาน พัสดุ | O73: ='data on outstanding creditors'!$E73*100/107 -> 1869.1589 | P73: ='data on outstanding creditors'!$E73-'data on outstanding creditors'!$O73 -> 130.84112 | Q73: =DAY('data on outstanding creditors'!$B73) -> 22 | R73: =MONTH('data on outstanding creditors'!$B73) -> 9 | S73: =YEAR('data on outstanding creditors'!$B73) -> 2025 | T73: ='data on outstanding creditors'!$C73&" "&'data on outstanding creditors'!$D73&" "&TEXT('data on outstanding creditors'!$E73,"#,##0.00") -> หจก.บุรีรัมย์ซัพพลายอีเล็คโทรนิค I68/000612 2,000.00
B74: 45827 | C74: ร้าน เอส เค แอร์ อิเล็กโทรนิคส์ 2 | D74: 019/0928 | E74: 5200 | F74: 5200 | H74: ='data on outstanding creditors'!$E74-'data on outstanding creditors'!$F74-'data on outstanding creditors'!$G74 -> 0 | I74: 45939 | M74: 2.2.02 ค่าซ่อมครุภัณฑ์สำนักงาน | N74: กลุ่มงาน พัสดุ | O74: ='data on outstanding creditors'!$E74*100/107 -> 4859.8131 | P74: ='data on outstanding creditors'!$E74-'data on outstanding creditors'!$O74 -> 340.18692 | Q74: =DAY('data on outstanding creditors'!$B74) -> 19 | R74: =MONTH('data on outstanding creditors'!$B74) -> 6 | S74: =YEAR('data on outstanding creditors'!$B74) -> 2025 | T74: ='data on outstanding creditors'!$C74&" "&'data on outstanding creditors'!$D74&" "&TEXT('data on outstanding creditors'!$E74,"#,##0.00") -> ร้าน เอส เค แอร์ อิเล็กโทรนิคส์ 2 019/0928 5,200.00
A75: 3451-68 3450-68 3449-68 | B75: 45909 | C75: ร้าน เอส เค แอร์ อิเล็กโทรนิคส์ 2 | D75: 020/0967 | E75: 2110 | F75: 2110 | H75: ='data on outstanding creditors'!$E75-'data on outstanding creditors'!$F75-'data on outstanding creditors'!$G75 -> 0 | I75: 45939 | M75: 2.2.13 ค่าจ้างเหมาบริการอื่น | N75: กลุ่มงาน พัสดุ | O75: ='data on outstanding creditors'!$E75*100/107 -> 1971.9626 | P75: ='data on outstanding creditors'!$E75-'data on outstanding creditors'!$O75 -> 138.03738 | Q75: =DAY('data on outstanding creditors'!$B75) -> 9 | R75: =MONTH('data on outstanding creditors'!$B75) -> 9 | S75: =YEAR('data on outstanding creditors'!$B75) -> 2025 | T75: ='data on outstanding creditors'!$C75&" "&'data on outstanding creditors'!$D75&" "&TEXT('data on outstanding creditors'!$E75,"#,##0.00") -> ร้าน เอส เค แอร์ อิเล็กโทรนิคส์ 2 020/0967 2,110.00
A76: 3024-68 | B76: 45925 | C76: ร้าน T&P แอร์ไฟฟ้า | D76: 0003 | E76: 14383 | F76: 14383 | H76: ='data on outstanding creditors'!$E76-'data on outstanding creditors'!$F76-'data on outstanding creditors'!$G76 -> 0 | I76: 45939 | M76: 2.2.13 ค่าจ้างเหมาบริการอื่น | N76: กลุ่มงาน พัสดุ | O76: ='data on outstanding creditors'!$E76*100/107 -> 13442.056 | P76: ='data on outstanding creditors'!$E76-'data on outstanding creditors'!$O76 -> 940.94393 | Q76: =DAY('data on outstanding creditors'!$B76) -> 25 | R76: =MONTH('data on outstanding creditors'!$B76) -> 9 | S76: =YEAR('data on outstanding creditors'!$B76) -> 2025 | T76: ='data on outstanding creditors'!$C76&" "&'data on outstanding creditors'!$D76&" "&TEXT('data on outstanding creditors'!$E76,"#,##0.00") -> ร้าน T&P แอร์ไฟฟ้า 0003 14,383.00
A77: 1281-68 | B77: 45812 | C77: หจก.บุรีรัมย์ซัพพลายอีเล็คโทรนิค | D77: I68/000352 | E77: 5990 | F77: 5990 | H77: ='data on outstanding creditors'!$E77-'data on outstanding creditors'!$F77-'data on outstanding creditors'!$G77 -> 0 | I77: 45939 | M77: 2.3.01 ค่าครุภัณฑ์ต่ำกว่าเกณฑ์ | N77: กลุ่มงาน พัสดุ | O77: ='data on outstanding creditors'!$E77*100/107 -> 5598.1308 | P77: ='data on outstanding creditors'!$E77-'data on outstanding creditors'!$O77 -> 391.86916 | Q77: =DAY('data on outstanding creditors'!$B77) -> 4 | R77: =MONTH('data on outstanding creditors'!$B77) -> 6 | S77: =YEAR('data on outstanding creditors'!$B77) -> 2025 | T77: ='data on outstanding creditors'!$C77&" "&'data on outstanding creditors'!$D77&" "&TEXT('data on outstanding creditors'!$E77,"#,##0.00") -> หจก.บุรีรัมย์ซัพพลายอีเล็คโทรนิค I68/000352 5,990.00
A78: 3058-68 | B78: 45875 | C78: หจก.บุรีรัมย์ซัพพลายอีเล็คโทรนิค | D78: I68/000491 | E78: 4590 | F78: 4590 | H78: ='data on outstanding creditors'!$E78-'data on outstanding creditors'!$F78-'data on outstanding creditors'!$G78 -> 0 | I78: 45939 | M78: 2.3.01 ค่าครุภัณฑ์ต่ำกว่าเกณฑ์ | N78: กลุ่มงาน พัสดุ | O78: ='data on outstanding creditors'!$E78*100/107 -> 4289.7196 | P78: ='data on outstanding creditors'!$E78-'data on outstanding creditors'!$O78 -> 300.28037 | Q78: =DAY('data on outstanding creditors'!$B78) -> 6 | R78: =MONTH('data on outstanding creditors'!$B78) -> 8 | S78: =YEAR('data on outstanding creditors'!$B78) -> 2025 | T78: ='data on outstanding creditors'!$C78&" "&'data on outstanding creditors'!$D78&" "&TEXT('data on outstanding creditors'!$E78,"#,##0.00") -> หจก.บุรีรัมย์ซัพพลายอีเล็คโทรนิค I68/000491 4,590.00
A79: 3224-68 | B79: 45890 | C79: บ.เฟอร์นิช สเปช | D79: IV-68082101 | E79: 4600 | F79: 4600 | H79: ='data on outstanding creditors'!$E79-'data on outstanding creditors'!$F79-'data on outstanding creditors'!$G79 -> 0 | I79: 45939 | M79: 2.3.01 ค่าครุภัณฑ์ต่ำกว่าเกณฑ์ | N79: กลุ่มงาน พัสดุ | O79: ='data on outstanding creditors'!$E79*100/107 -> 4299.0654 | P79: ='data on outstanding creditors'!$E79-'data on outstanding creditors'!$O79 -> 300.93458 | Q79: =DAY('data on outstanding creditors'!$B79) -> 21 | R79: =MONTH('data on outstanding creditors'!$B79) -> 8 | S79: =YEAR('data on outstanding creditors'!$B79) -> 2025 | T79: ='data on outstanding creditors'!$C79&" "&'data on outstanding creditors'!$D79&" "&TEXT('data on outstanding creditors'!$E79,"#,##0.00") -> บ.เฟอร์นิช สเปช IV-68082101 4,600.00
A80: 3386-68 | B80: 45901 | C80: บ.เฟอร์นิช สเปช | D80: IV-68090101 | E80: 4700 | F80: 4700 | H80: ='data on outstanding creditors'!$E80-'data on outstanding creditors'!$F80-'data on outstanding creditors'!$G80 -> 0 | I80: 45939 | M80: 2.3.01 ค่าครุภัณฑ์ต่ำกว่าเกณฑ์ | N80: กลุ่มงาน พัสดุ | O80: ='data on outstanding creditors'!$E80*100/107 -> 4392.5234 | P80: ='data on outstanding creditors'!$E80-'data on outstanding creditors'!$O80 -> 307.47664 | Q80: =DAY('data on outstanding creditors'!$B80) -> 1 | R80: =MONTH('data on outstanding creditors'!$B80) -> 9 | S80: =YEAR('data on outstanding creditors'!$B80) -> 2025 | T80: ='data on outstanding creditors'!$C80&" "&'data on outstanding creditors'!$D80&" "&TEXT('data on outstanding creditors'!$E80,"#,##0.00") -> บ.เฟอร์นิช สเปช IV-68090101 4,700.00
A81: 3195-68 | B81: 45905 | C81: บ.เฟอร์นิช สเปช | D81: IV-68090501 | E81: 23200 | F81: 23200 | H81: ='data on outstanding creditors'!$E81-'data on outstanding creditors'!$F81-'data on outstanding creditors'!$G81 -> 0 | I81: 45939 | M81: 2.3.01 ค่าครุภัณฑ์ต่ำกว่าเกณฑ์ | N81: กลุ่มงาน พัสดุ | O81: ='data on outstanding creditors'!$E81*100/107 -> 21682.243 | P81: ='data on outstanding creditors'!$E81-'data on outstanding creditors'!$O81 -> 1517.757 | Q81: =DAY('data on outstanding creditors'!$B81) -> 5 | R81: =MONTH('data on outstanding creditors'!$B81) -> 9 | S81: =YEAR('data on outstanding creditors'!$B81) -> 2025 | T81: ='data on outstanding creditors'!$C81&" "&'data on outstanding creditors'!$D81&" "&TEXT('data on outstanding creditors'!$E81,"#,##0.00") -> บ.เฟอร์นิช สเปช IV-68090501 23,200.00
A82: 3302-68 | B82: 45905 | C82: หจก.บุรีรัมย์ซัพพลายอีเล็คโทรนิค | D82: I68/000568 | E82: 4590 | F82: 4590 | H82: ='data on outstanding creditors'!$E82-'data on outstanding creditors'!$F82-'data on outstanding creditors'!$G82 -> 0 | I82: 45939 | M82: 2.3.01 ค่าครุภัณฑ์ต่ำกว่าเกณฑ์ | N82: กลุ่มงาน พัสดุ | O82: ='data on outstanding creditors'!$E82*100/107 -> 4289.7196 | P82: ='data on outstanding creditors'!$E82-'data on outstanding creditors'!$O82 -> 300.28037 | Q82: =DAY('data on outstanding creditors'!$B82) -> 5 | R82: =MONTH('data on outstanding creditors'!$B82) -> 9 | S82: =YEAR('data on outstanding creditors'!$B82) -> 2025 | T82: ='data on outstanding creditors'!$C82&" "&'data on outstanding creditors'!$D82&" "&TEXT('data on outstanding creditors'!$E82,"#,##0.00") -> หจก.บุรีรัมย์ซัพพลายอีเล็คโทรนิค I68/000568 4,590.00
A83: 3387-68 | B83: 45909 | C83: บ.เฟอร์นิช สเปช | D83: IV-68090901 | E83: 2550 | F83: 2550 | H83: ='data on outstanding creditors'!$E83-'data on outstanding creditors'!$F83-'data on outstanding creditors'!$G83 -> 0 | I83: 45939 | M83: 2.3.01 ค่าครุภัณฑ์ต่ำกว่าเกณฑ์ | N83: กลุ่มงาน พัสดุ | O83: ='data on outstanding creditors'!$E83*100/107 -> 2383.1776 | P83: ='data on outstanding creditors'!$E83-'data on outstanding creditors'!$O83 -> 166.82243 | Q83: =DAY('data on outstanding creditors'!$B83) -> 9 | R83: =MONTH('data on outstanding creditors'!$B83) -> 9 | S83: =YEAR('data on outstanding creditors'!$B83) -> 2025 | T83: ='data on outstanding creditors'!$C83&" "&'data on outstanding creditors'!$D83&" "&TEXT('data on outstanding creditors'!$E83,"#,##0.00") -> บ.เฟอร์นิช สเปช IV-68090901 2,550.00
A84: 759-68 | B84: 45912 | C84: บ.มาเจริญ โฮม เฟอร์นิเจอร์ | D84: 188/9377 | E84: 4800 | F84: 4800 | H84: ='data on outstanding creditors'!$E84-'data on outstanding creditors'!$F84-'data on outstanding creditors'!$G84 -> 0 | I84: 45939 | M84: 2.3.01 ค่าครุภัณฑ์ต่ำกว่าเกณฑ์ | N84: กลุ่มงาน พัสดุ | O84: ='data on outstanding creditors'!$E84*100/107 -> 4485.9813 | P84: ='data on outstanding creditors'!$E84-'data on outstanding creditors'!$O84 -> 314.01869 | Q84: =DAY('data on outstanding creditors'!$B84) -> 12 | R84: =MONTH('data on outstanding creditors'!$B84) -> 9 | S84: =YEAR('data on outstanding creditors'!$B84) -> 2025 | T84: ='data on outstanding creditors'!$C84&" "&'data on outstanding creditors'!$D84&" "&TEXT('data on outstanding creditors'!$E84,"#,##0.00") -> บ.มาเจริญ โฮม เฟอร์นิเจอร์ 188/9377 4,800.00
A85: 3704-68 | B85: 45916 | C85: บ.เฟอร์นิช สเปช | D85: IV-68091601 | E85: 2200 | F85: 2200 | H85: ='data on outstanding creditors'!$E85-'data on outstanding creditors'!$F85-'data on outstanding creditors'!$G85 -> 0 | I85: 45939 | M85: 2.3.01 ค่าครุภัณฑ์ต่ำกว่าเกณฑ์ | N85: กลุ่มงาน พัสดุ | O85: ='data on outstanding creditors'!$E85*100/107 -> 2056.0748 | P85: ='data on outstanding creditors'!$E85-'data on outstanding creditors'!$O85 -> 143.92523 | Q85: =DAY('data on outstanding creditors'!$B85) -> 16 | R85: =MONTH('data on outstanding creditors'!$B85) -> 9 | S85: =YEAR('data on outstanding creditors'!$B85) -> 2025 | T85: ='data on outstanding creditors'!$C85&" "&'data on outstanding creditors'!$D85&" "&TEXT('data on outstanding creditors'!$E85,"#,##0.00") -> บ.เฟอร์นิช สเปช IV-68091601 2,200.00
A86: 1462-68 | B86: 45919 | C86: หจก.บุรีรัมย์ซัพพลายอีเล็คโทรนิค | D86: I68/000605 | E86: 3500 | F86: 3500 | H86: ='data on outstanding creditors'!$E86-'data on outstanding creditors'!$F86-'data on outstanding creditors'!$G86 -> 0 | I86: 45939 | M86: 2.3.01 ค่าครุภัณฑ์ต่ำกว่าเกณฑ์ | N86: กลุ่มงาน พัสดุ | O86: ='data on outstanding creditors'!$E86*100/107 -> 3271.028 | P86: ='data on outstanding creditors'!$E86-'data on outstanding creditors'!$O86 -> 228.97196 | Q86: =DAY('data on outstanding creditors'!$B86) -> 19 | R86: =MONTH('data on outstanding creditors'!$B86) -> 9 | S86: =YEAR('data on outstanding creditors'!$B86) -> 2025 | T86: ='data on outstanding creditors'!$C86&" "&'data on outstanding creditors'!$D86&" "&TEXT('data on outstanding creditors'!$E86,"#,##0.00") -> หจก.บุรีรัมย์ซัพพลายอีเล็คโทรนิค I68/000605 3,500.00
... A88: 2596-68 | B88: 45859 | C88: หจก.นางรองคอมพิวเตอร์ เซ็นเตอร์ | D88: IV6807-0099 | E88: 14000 | F88: 14000 | H88: ='data on outstanding creditors'!$E88-'data on outstanding creditors'!$F88-'data on outstanding creditors'!$G88 -> 0 | I88: 45939 | M88: 2.3.09 ค่าครุภัณฑ์คอมพิวเตอร์ | N88: กลุ่มงาน พัสดุ | O88: ='data on outstanding creditors'!$E88*100/107 -> 13084.112 | P88: ='data on outstanding creditors'!$E88-'data on outstanding creditors'!$O88 -> 915.88785 | Q88: =DAY('data on outstanding creditors'!$B88) -> 21 | R88: =MONTH('data on outstanding creditors'!$B88) -> 7 | S88: =YEAR('data on outstanding creditors'!$B88) -> 2025 | T88: ='data on outstanding creditors'!$C88&" "&'data on outstanding creditors'!$D88&" "&TEXT('data on outstanding creditors'!$E88,"#,##0.00") -> หจก.นางรองคอมพิวเตอร์ เซ็นเตอร์ IV6807-0099 14,000.00
B89: 45930 | C89: การไฟฟ้าส่วนภูมิภาค PCC คลินิกหมอครอบครัวนางรอง อบต.นางรอง | D89: 885203693724 | E89: 6927.39 | F89: 6927.39 | H89: ='data on outstanding creditors'!$E89-'data on outstanding creditors'!$F89-'data on outstanding creditors'!$G89 -> 0 | I89: 45939 | M89: 3.1.02 ค่าไฟฟ้า | N89: กลุ่มงาน การเงิน | O89: ='data on outstanding creditors'!$E89*100/107 -> 6474.1963 | P89: ='data on outstanding creditors'!$E89-'data on outstanding creditors'!$O89 -> 453.19374 | Q89: =DAY('data on outstanding creditors'!$B89) -> 30 | R89: =MONTH('data on outstanding creditors'!$B89) -> 9 | S89: =YEAR('data on outstanding creditors'!$B89) -> 2025 | T89: ='data on outstanding creditors'!$C89&" "&'data on outstanding creditors'!$D89&" "&TEXT('data on outstanding creditors'!$E89,"#,##0.00") -> การไฟฟ้าส่วนภูมิภาค PCC คลินิกหมอครอบครัวนางรอง อบต.นางรอง 885203693724 6,927.39
B90: 45930 | C90: การไฟฟ้าส่วนภูมิภาค PCC หนองตาหมู่ | D90: 876003684026 | E90: 9134.96 | F90: 9134.96 | H90: ='data on outstanding creditors'!$E90-'data on outstanding creditors'!$F90-'data on outstanding creditors'!$G90 -> 0 | I90: 45939 | M90: 3.1.02 ค่าไฟฟ้า | N90: กลุ่มงาน การเงิน | O90: ='data on outstanding creditors'!$E90*100/107 -> 8537.3458 | P90: ='data on outstanding creditors'!$E90-'data on outstanding creditors'!$O90 -> 597.61421 | Q90: =DAY('data on outstanding creditors'!$B90) -> 30 | R90: =MONTH('data on outstanding creditors'!$B90) -> 9 | S90: =YEAR('data on outstanding creditors'!$B90) -> 2025 | T90: ='data on outstanding creditors'!$C90&" "&'data on outstanding creditors'!$D90&" "&TEXT('data on outstanding creditors'!$E90,"#,##0.00") -> การไฟฟ้าส่วนภูมิภาค PCC หนองตาหมู่ 876003684026 9,134.96
A91: 2371-68 | B91: 45853 | C91: ค่าเน็ต AIS 32400052359265 | D91: W-IN-18-6807-2006501 | E91: 5774.79 | F91: 5774.79 | H91: ='data on outstanding creditors'!$E91-'data on outstanding creditors'!$F91-'data on outstanding creditors'!$G91 -> 0 | I91: 45939 | M91: 3.1.03 ค่าINTERNET | N91: กลุ่มงาน พัสดุ | O91: ='data on outstanding creditors'!$E91*100/107 -> 5397 | P91: ='data on outstanding creditors'!$E91-'data on outstanding creditors'!$O91 -> 377.79 | Q91: =DAY('data on outstanding creditors'!$B91) -> 15 | R91: =MONTH('data on outstanding creditors'!$B91) -> 7 | S91: =YEAR('data on outstanding creditors'!$B91) -> 2025 | T91: ='data on outstanding creditors'!$C91&" "&'data on outstanding creditors'!$D91&" "&TEXT('data on outstanding creditors'!$E91,"#,##0.00") -> ค่าเน็ต AIS 32400052359265 W-IN-18-6807-2006501 5,774.79
A92: 2366-68 | B92: 45853 | C92: ค่าเน็ต AIS 31600010113324 | D92: W-IN-18-6807-2007037 | E92: 23000 | F92: 23000 | H92: ='data on outstanding creditors'!$E92-'data on outstanding creditors'!$F92-'data on outstanding creditors'!$G92 -> 0 | I92: 45939 | M92: 3.1.03 ค่าINTERNET | N92: กลุ่มงาน พัสดุ | O92: ='data on outstanding creditors'!$E92*100/107 -> 21495.327 | P92: ='data on outstanding creditors'!$E92-'data on outstanding creditors'!$O92 -> 1504.6729 | Q92: =DAY('data on outstanding creditors'!$B92) -> 15 | R92: =MONTH('data on outstanding creditors'!$B92) -> 7 | S92: =YEAR('data on outstanding creditors'!$B92) -> 2025 | T92: ='data on outstanding creditors'!$C92&" "&'data on outstanding creditors'!$D92&" "&TEXT('data on outstanding creditors'!$E92,"#,##0.00") -> ค่าเน็ต AIS 31600010113324 W-IN-18-6807-2007037 23,000.00
A93: 2367-68 | B93: 45862 | C93: ค่าเน็ต TOT 4463J0033 | D93: 0000908849495 | E93: 963 | F93: 963 | H93: ='data on outstanding creditors'!$E93-'data on outstanding creditors'!$F93-'data on outstanding creditors'!$G93 -> 0 | I93: 45939 | M93: 3.1.03 ค่าINTERNET | N93: กลุ่มงาน พัสดุ | O93: ='data on outstanding creditors'!$E93*100/107 -> 900 | P93: ='data on outstanding creditors'!$E93-'data on outstanding creditors'!$O93 -> 63 | Q93: =DAY('data on outstanding creditors'!$B93) -> 24 | R93: =MONTH('data on outstanding creditors'!$B93) -> 7 | S93: =YEAR('data on outstanding creditors'!$B93) -> 2025 | T93: ='data on outstanding creditors'!$C93&" "&'data on outstanding creditors'!$D93&" "&TEXT('data on outstanding creditors'!$E93,"#,##0.00") -> ค่าเน็ต TOT 4463J0033 0000908849495 963.00
A94: 3515-68 | B94: 45862 | C94: ค่าโทร TOT 4464J1423 | D94: 0000908693343 | E94: 963 | F94: 963 | H94: ='data on outstanding creditors'!$E94-'data on outstanding creditors'!$F94-'data on outstanding creditors'!$G94 -> 0 | I94: 45939 | M94: 3.1.03 ค่าINTERNET | N94: กลุ่มงาน พัสดุ | O94: ='data on outstanding creditors'!$E94*100/107 -> 900 | P94: ='data on outstanding creditors'!$E94-'data on outstanding creditors'!$O94 -> 63 | Q94: =DAY('data on outstanding creditors'!$B94) -> 24 | R94: =MONTH('data on outstanding creditors'!$B94) -> 7 | S94: =YEAR('data on outstanding creditors'!$B94) -> 2025 | T94: ='data on outstanding creditors'!$C94&" "&'data on outstanding creditors'!$D94&" "&TEXT('data on outstanding creditors'!$E94,"#,##0.00") -> ค่าโทร TOT 4464J1423 0000908693343 963.00
A95: 2746-68 | B95: 45884 | C95: ค่าเน็ต AIS 32400052359265 | D95: W-IN-18-6808-2008098 | E95: 5774.79 | F95: 5774.79 | H95: ='data on outstanding creditors'!$E95-'data on outstanding creditors'!$F95-'data on outstanding creditors'!$G95 -> 0 | I95: 45939 | M95: 3.1.03 ค่าINTERNET | N95: กลุ่มงาน พัสดุ | O95: ='data on outstanding creditors'!$E95*100/107 -> 5397 | P95: ='data on outstanding creditors'!$E95-'data on outstanding creditors'!$O95 -> 377.79 | Q95: =DAY('data on outstanding creditors'!$B95) -> 15 | R95: =MONTH('data on outstanding creditors'!$B95) -> 8 | S95: =YEAR('data on outstanding creditors'!$B95) -> 2025 | T95: ='data on outstanding creditors'!$C95&" "&'data on outstanding creditors'!$D95&" "&TEXT('data on outstanding creditors'!$E95,"#,##0.00") -> ค่าเน็ต AIS 32400052359265 W-IN-18-6808-2008098 5,774.79
A96: 3514-68 | B96: 45888 | C96: ค่าโทร TOT 4464J1423 | D96: 0000911170688 | E96: 963 | F96: 963 | H96: ='data on outstanding creditors'!$E96-'data on outstanding creditors'!$F96-'data on outstanding creditors'!$G96 -> 0 | I96: 45939 | M96: 3.1.03 ค่าINTERNET | N96: กลุ่มงาน พัสดุ | O96: ='data on outstanding creditors'!$E96*100/107 -> 900 | P96: ='data on outstanding creditors'!$E96-'data on outstanding creditors'!$O96 -> 63 | Q96: =DAY('data on outstanding creditors'!$B96) -> 19 | R96: =MONTH('data on outstanding creditors'!$B96) -> 8 | S96: =YEAR('data on outstanding creditors'!$B96) -> 2025 | T96: ='data on outstanding creditors'!$C96&" "&'data on outstanding creditors'!$D96&" "&TEXT('data on outstanding creditors'!$E96,"#,##0.00") -> ค่าโทร TOT 4464J1423 0000911170688 963.00
A97: 2747-68 | B97: 45888 | C97: ค่าเน็ต TOT 044-666033 | D97: 0000911061302 | E97: 1070 | F97: 1070 | H97: ='data on outstanding creditors'!$E97-'data on outstanding creditors'!$F97-'data on outstanding creditors'!$G97 -> 0 | I97: 45939 | M97: 3.1.03 ค่าINTERNET | N97: กลุ่มงาน พัสดุ | O97: ='data on outstanding creditors'!$E97*100/107 -> 1000 | P97: ='data on outstanding creditors'!$E97-'data on outstanding creditors'!$O97 -> 70 | Q97: =DAY('data on outstanding creditors'!$B97) -> 19 | R97: =MONTH('data on outstanding creditors'!$B97) -> 8 | S97: =YEAR('data on outstanding creditors'!$B97) -> 2025 | T97: ='data on outstanding creditors'!$C97&" "&'data on outstanding creditors'!$D97&" "&TEXT('data on outstanding creditors'!$E97,"#,##0.00") -> ค่าเน็ต TOT 044-666033 0000911061302 1,070.00
A98: 2748-68 | B98: 45888 | C98: ค่าเน็ต TOT 044-666049 | D98: 0000911061301 | E98: 1070 | F98: 1070 | H98: ='data on outstanding creditors'!$E98-'data on outstanding creditors'!$F98-'data on outstanding creditors'!$G98 -> 0 | I98: 45939 | M98: 3.1.03 ค่าINTERNET | N98: กลุ่มงาน พัสดุ | O98: ='data on outstanding creditors'!$E98*100/107 -> 1000 | P98: ='data on outstanding creditors'!$E98-'data on outstanding creditors'!$O98 -> 70 | Q98: =DAY('data on outstanding creditors'!$B98) -> 19 | R98: =MONTH('data on outstanding creditors'!$B98) -> 8 | S98: =YEAR('data on outstanding creditors'!$B98) -> 2025 | T98: ='data on outstanding creditors'!$C98&" "&'data on outstanding creditors'!$D98&" "&TEXT('data on outstanding creditors'!$E98,"#,##0.00") -> ค่าเน็ต TOT 044-666049 0000911061301 1,070.00
A99: 2749-68 | B99: 45888 | C99: ค่าเน็ต TOT 4463J5093 | D99: 0000911350953 | E99: 3841.3 | F99: 3841.3 | H99: ='data on outstanding creditors'!$E99-'data on outstanding creditors'!$F99-'data on outstanding creditors'!$G99 -> 0 | I99: 45939 | M99: 3.1.03 ค่าINTERNET | N99: กลุ่มงาน พัสดุ | O99: ='data on outstanding creditors'!$E99*100/107 -> 3590 | P99: ='data on outstanding creditors'!$E99-'data on outstanding creditors'!$O99 -> 251.3 | Q99: =DAY('data on outstanding creditors'!$B99) -> 19 | R99: =MONTH('data on outstanding creditors'!$B99) -> 8 | S99: =YEAR('data on outstanding creditors'!$B99) -> 2025 | T99: ='data on outstanding creditors'!$C99&" "&'data on outstanding creditors'!$D99&" "&TEXT('data on outstanding creditors'!$E99,"#,##0.00") -> ค่าเน็ต TOT 4463J5093 0000911350953 3,841.30
A100: 2750-68 | B100: 45888 | C100: ค่าเน็ต TOT 4463J0033 | D100: 0000911346975 | E100: 963 | F100: 963 | H100: ='data on outstanding creditors'!$E100-'data on outstanding creditors'!$F100-'data on outstanding creditors'!$G100 -> 0 | I100: 45939 | M100: 3.1.03 ค่าINTERNET | N100: กลุ่มงาน พัสดุ | O100: ='data on outstanding creditors'!$E100*100/107 -> 900 | P100: ='data on outstanding creditors'!$E100-'data on outstanding creditors'!$O100 -> 63 | Q100: =DAY('data on outstanding creditors'!$B100) -> 19 | R100: =MONTH('data on outstanding creditors'!$B100) -> 8 | S100: =YEAR('data on outstanding creditors'!$B100) -> 2025 | T100: ='data on outstanding creditors'!$C100&" "&'data on outstanding creditors'!$D100&" "&TEXT('data on outstanding creditors'!$E100,"#,##0.00") -> ค่าเน็ต TOT 4463J0033 0000911346975 963.00
A101: 2751-68 | B101: 45888 | C101: ค่าเน็ต AIS 31600010113324 | D101: W-IN-18-6808-2007215 | E101: 23000 | F101: 23000 | H101: ='data on outstanding creditors'!$E101-'data on outstanding creditors'!$F101-'data on outstanding creditors'!$G101 -> 0 | I101: 45939 | M101: 3.1.03 ค่าINTERNET | N101: กลุ่มงาน พัสดุ | O101: ='data on outstanding creditors'!$E101*100/107 -> 21495.327 | P101: ='data on outstanding creditors'!$E101-'data on outstanding creditors'!$O101 -> 1504.6729 | Q101: =DAY('data on outstanding creditors'!$B101) -> 19 | R101: =MONTH('data on outstanding creditors'!$B101) -> 8 | S101: =YEAR('data on outstanding creditors'!$B101) -> 2025 | T101: ='data on outstanding creditors'!$C101&" "&'data on outstanding creditors'!$D101&" "&TEXT('data on outstanding creditors'!$E101,"#,##0.00") -> ค่าเน็ต AIS 31600010113324 W-IN-18-6808-2007215 23,000.00
B102: 45911 | C102: ค่าโทร AIS 0962266459 | D102: W-IN-18-6808-4024969 | E102: 1603.93 | F102: 1603.93 | H102: ='data on outstanding creditors'!$E102-'data on outstanding creditors'!$F102-'data on outstanding creditors'!$G102 -> 0 | I102: 45939 | M102: 3.1.04 ค่าโทรศัพท์ | N102: กลุ่มงาน พัสดุ | O102: ='data on outstanding creditors'!$E102*100/107 -> 1499 | P102: ='data on outstanding creditors'!$E102-'data on outstanding creditors'!$O102 -> 104.93 | Q102: =DAY('data on outstanding creditors'!$B102) -> 11 | R102: =MONTH('data on outstanding creditors'!$B102) -> 9 | S102: =YEAR('data on outstanding creditors'!$B102) -> 2025 | T102: ='data on outstanding creditors'!$C102&" "&'data on outstanding creditors'!$D102&" "&TEXT('data on outstanding creditors'!$E102,"#,##0.00") -> ค่าโทร AIS 0962266459 W-IN-18-6808-4024969 1,603.93
A103: 3882-68 | B103: 45919 | C103: ค่าโทร TOT 044-631977 | D103: 0000913658611 | E103: 107 | F103: 107 | H103: ='data on outstanding creditors'!$E103-'data on outstanding creditors'!$F103-'data on outstanding creditors'!$G103 -> 0 | I103: 45939 | M103: 3.1.04 ค่าโทรศัพท์ | N103: กลุ่มงาน พัสดุ | O103: ='data on outstanding creditors'!$E103*100/107 -> 100 | P103: ='data on outstanding creditors'!$E103-'data on outstanding creditors'!$O103 -> 7 | Q103: =DAY('data on outstanding creditors'!$B103) -> 19 | R103: =MONTH('data on outstanding creditors'!$B103) -> 9 | S103: =YEAR('data on outstanding creditors'!$B103) -> 2025 | T103: ='data on outstanding creditors'!$C103&" "&'data on outstanding creditors'!$D103&" "&TEXT('data on outstanding creditors'!$E103,"#,##0.00") -> ค่าโทร TOT 044-631977 0000913658611 107.00
A104: 3883-68 | B104: 45919 | C104: ค่าโทร TOT 044-631978 | D104: 0000913658610 | E104: 107 | F104: 107 | H104: ='data on outstanding creditors'!$E104-'data on outstanding creditors'!$F104-'data on outstanding creditors'!$G104 -> 0 | I104: 45939 | M104: 3.1.04 ค่าโทรศัพท์ | N104: กลุ่มงาน พัสดุ | O104: ='data on outstanding creditors'!$E104*100/107 -> 100 | P104: ='data on outstanding creditors'!$E104-'data on outstanding creditors'!$O104 -> 7 | Q104: =DAY('data on outstanding creditors'!$B104) -> 19 | R104: =MONTH('data on outstanding creditors'!$B104) -> 9 | S104: =YEAR('data on outstanding creditors'!$B104) -> 2025 | T104: ='data on outstanding creditors'!$C104&" "&'data on outstanding creditors'!$D104&" "&TEXT('data on outstanding creditors'!$E104,"#,##0.00") -> ค่าโทร TOT 044-631978 0000913658610 107.00
A105: 3881-68 | B105: 45916 | C105: ค่าโทร บ.ทรู มูฟ เอช ยูนิเวอร์แซล คอมมิวนิเคชั่น 225810/669 026 594 | D105: 02/08/2568 - 01/09/2568 | E105: 5765.16 | F105: 5765.16 | H105: ='data on outstanding creditors'!$E105-'data on outstanding creditors'!$F105-'data on outstanding creditors'!$G105 -> 0 | I105: 45940 | M105: 3.1.04 ค่าโทรศัพท์ | N105: กลุ่มงาน พัสดุ | O105: ='data on outstanding creditors'!$E105*100/107 -> 5388 | P105: ='data on outstanding creditors'!$E105-'data on outstanding creditors'!$O105 -> 377.16 | Q105: =DAY('data on outstanding creditors'!$B105) -> 16 | R105: =MONTH('data on outstanding creditors'!$B105) -> 9 | S105: =YEAR('data on outstanding creditors'!$B105) -> 2025 | T105: ='data on outstanding creditors'!$C105&" "&'data on outstanding creditors'!$D105&" "&TEXT('data on outstanding creditors'!$E105,"#,##0.00") -> ค่าโทร บ.ทรู มูฟ เอช ยูนิเวอร์แซล คอมมิวนิเคชั่น 225810/669 026 594 02/08/2568 - 01/09/2568 5,765.16
B106: 45672 | C106: บ.เกร๊ทเตอร์มายบาซิน | D106: #01-GM-1-2-2-2025000360 | E106: 27820 | F106: 27820 | H106: ='data on outstanding creditors'!$E106-'data on outstanding creditors'!$F106-'data on outstanding creditors'!$G106 -> 0 | I106: 45946 | M106: 2.1.01 ค่ายา | N106: กลุ่มงาน เภสัชกรรม | O106: ='data on outstanding creditors'!$E106*100/107 -> 26000 | P106: ='data on outstanding creditors'!$E106-'data on outstanding creditors'!$O106 -> 1820 | Q106: =DAY('data on outstanding creditors'!$B106) -> 15 | R106: =MONTH('data on outstanding creditors'!$B106) -> 1 | S106: =YEAR('data on outstanding creditors'!$B106) -> 2025 | T106: ='data on outstanding creditors'!$C106&" "&'data on outstanding creditors'!$D106&" "&TEXT('data on outstanding creditors'!$E106,"#,##0.00") -> บ.เกร๊ทเตอร์มายบาซิน #01-GM-1-2-2-2025000360 27,820.00
B107: 45680 | C107: บ.ฟาร์มาฮอฟ | D107: IV250127157 | E107: 16500 | F107: 16500 | H107: ='data on outstanding creditors'!$E107-'data on outstanding creditors'!$F107-'data on outstanding creditors'!$G107 -> 0 | I107: 45946 | M107: 2.1.01 ค่ายา | N107: กลุ่มงาน เภสัชกรรม | O107: ='data on outstanding creditors'!$E107*100/107 -> 15420.561 | P107: ='data on outstanding creditors'!$E107-'data on outstanding creditors'!$O107 -> 1079.4393 | Q107: =DAY('data on outstanding creditors'!$B107) -> 23 | R107: =MONTH('data on outstanding creditors'!$B107) -> 1 | S107: =YEAR('data on outstanding creditors'!$B107) -> 2025 | T107: ='data on outstanding creditors'!$C107&" "&'data on outstanding creditors'!$D107&" "&TEXT('data on outstanding creditors'!$E107,"#,##0.00") -> บ.ฟาร์มาฮอฟ IV250127157 16,500.00
B108: 45687 | C108: บ.แม็กซิม อินเตอร์คอร์ปอร์เรชั่น | D108: IV250010774 | E108: 33852 | F108: 33852 | H108: ='data on outstanding creditors'!$E108-'data on outstanding creditors'!$F108-'data on outstanding creditors'!$G108 -> 0 | I108: 45946 | M108: 2.1.01 ค่ายา | N108: กลุ่มงาน เภสัชกรรม | O108: ='data on outstanding creditors'!$E108*100/107 -> 31637.383 | P108: ='data on outstanding creditors'!$E108-'data on outstanding creditors'!$O108 -> 2214.6168 | Q108: =DAY('data on outstanding creditors'!$B108) -> 30 | R108: =MONTH('data on outstanding creditors'!$B108) -> 1 | S108: =YEAR('data on outstanding creditors'!$B108) -> 2025 | T108: ='data on outstanding creditors'!$C108&" "&'data on outstanding creditors'!$D108&" "&TEXT('data on outstanding creditors'!$E108,"#,##0.00") -> บ.แม็กซิม อินเตอร์คอร์ปอร์เรชั่น IV250010774 33,852.00
B109: 45692 | C109: บ.พาตาร์แลบ(2517) | D109: INV125013053 | E109: 7500 | F109: 7500 | H109: ='data on outstanding creditors'!$E109-'data on outstanding creditors'!$F109-'data on outstanding creditors'!$G109 -> 0 | I109: 45946 | M109: 2.1.01 ค่ายา | N109: กลุ่มงาน เภสัชกรรม | O109: ='data on outstanding creditors'!$E109*100/107 -> 7009.3458 | P109: ='data on outstanding creditors'!$E109-'data on outstanding creditors'!$O109 -> 490.65421 | Q109: =DAY('data on outstanding creditors'!$B109) -> 4 | R109: =MONTH('data on outstanding creditors'!$B109) -> 2 | S109: =YEAR('data on outstanding creditors'!$B109) -> 2025 | T109: ='data on outstanding creditors'!$C109&" "&'data on outstanding creditors'!$D109&" "&TEXT('data on outstanding creditors'!$E109,"#,##0.00") -> บ.พาตาร์แลบ(2517) INV125013053 7,500.00
B110: 45692 | C110: บ.แม็กซิม อินเตอร์คอร์ปอร์เรชั่น | D110: IV25010993 | E110: 27600 | F110: 27600 | H110: ='data on outstanding creditors'!$E110-'data on outstanding creditors'!$F110-'data on outstanding creditors'!$G110 -> 0 | I110: 45946 | M110: 2.1.01 ค่ายา | N110: กลุ่มงาน เภสัชกรรม | O110: ='data on outstanding creditors'!$E110*100/107 -> 25794.393 | P110: ='data on outstanding creditors'!$E110-'data on outstanding creditors'!$O110 -> 1805.6075 | Q110: =DAY('data on outstanding creditors'!$B110) -> 4 | R110: =MONTH('data on outstanding creditors'!$B110) -> 2 | S110: =YEAR('data on outstanding creditors'!$B110) -> 2025 | T110: ='data on outstanding creditors'!$C110&" "&'data on outstanding creditors'!$D110&" "&TEXT('data on outstanding creditors'!$E110,"#,##0.00") -> บ.แม็กซิม อินเตอร์คอร์ปอร์เรชั่น IV25010993 27,600.00
B111: 45693 | C111: บ.ที.โอ.เคมีคอลส์(1979) | D111: T6801/20493 | E111: 38400 | F111: 38400 | H111: ='data on outstanding creditors'!$E111-'data on outstanding creditors'!$F111-'data on outstanding creditors'!$G111 -> 0 | I111: 45946 | M111: 2.1.01 ค่ายา | N111: กลุ่มงาน เภสัชกรรม | O111: ='data on outstanding creditors'!$E111*100/107 -> 35887.85 | P111: ='data on outstanding creditors'!$E111-'data on outstanding creditors'!$O111 -> 2512.1495 | Q111: =DAY('data on outstanding creditors'!$B111) -> 5 | R111: =MONTH('data on outstanding creditors'!$B111) -> 2 | S111: =YEAR('data on outstanding creditors'!$B111) -> 2025 | T111: ='data on outstanding creditors'!$C111&" "&'data on outstanding creditors'!$D111&" "&TEXT('data on outstanding creditors'!$E111,"#,##0.00") -> บ.ที.โอ.เคมีคอลส์(1979) T6801/20493 38,400.00
B112: 45701 | C112: บ.เกร๊ทเตอร์มายบาซิน | D112: #01-GM-1-2-2-2025002202 | E112: 21988.5 | F112: 21988.5 | H112: ='data on outstanding creditors'!$E112-'data on outstanding creditors'!$F112-'data on outstanding creditors'!$G112 -> 0 | I112: 45946 | M112: 2.1.01 ค่ายา | N112: กลุ่มงาน เภสัชกรรม | O112: ='data on outstanding creditors'!$E112*100/107 -> 20550 | P112: ='data on outstanding creditors'!$E112-'data on outstanding creditors'!$O112 -> 1438.5 | Q112: =DAY('data on outstanding creditors'!$B112) -> 13 | R112: =MONTH('data on outstanding creditors'!$B112) -> 2 | S112: =YEAR('data on outstanding creditors'!$B112) -> 2025 | T112: ='data on outstanding creditors'!$C112&" "&'data on outstanding creditors'!$D112&" "&TEXT('data on outstanding creditors'!$E112,"#,##0.00") -> บ.เกร๊ทเตอร์มายบาซิน #01-GM-1-2-2-2025002202 21,988.50
B113: 45701 | C113: บ.แม็กซิม อินเตอร์คอร์ปอร์เรชั่น | D113: IV25020382 | E113: 3852 | F113: 3852 | H113: ='data on outstanding creditors'!$E113-'data on outstanding creditors'!$F113-'data on outstanding creditors'!$G113 -> 0 | I113: 45946 | M113: 2.1.01 ค่ายา | N113: กลุ่มงาน เภสัชกรรม | O113: ='data on outstanding creditors'!$E113*100/107 -> 3600 | P113: ='data on outstanding creditors'!$E113-'data on outstanding creditors'!$O113 -> 252 | Q113: =DAY('data on outstanding creditors'!$B113) -> 13 | R113: =MONTH('data on outstanding creditors'!$B113) -> 2 | S113: =YEAR('data on outstanding creditors'!$B113) -> 2025 | T113: ='data on outstanding creditors'!$C113&" "&'data on outstanding creditors'!$D113&" "&TEXT('data on outstanding creditors'!$E113,"#,##0.00") -> บ.แม็กซิม อินเตอร์คอร์ปอร์เรชั่น IV25020382 3,852.00
B114: 45708 | C114: บ.เอเบิ้ล เมดิคอล | D114: M2502/0080 | E114: 50000 | F114: 50000 | H114: ='data on outstanding creditors'!$E114-'data on outstanding creditors'!$F114-'data on outstanding creditors'!$G114 -> 0 | I114: 45946 | M114: 2.1.01 ค่ายา | N114: กลุ่มงาน เภสัชกรรม | O114: ='data on outstanding creditors'!$E114*100/107 -> 46728.972 | P114: ='data on outstanding creditors'!$E114-'data on outstanding creditors'!$O114 -> 3271.028 | Q114: =DAY('data on outstanding creditors'!$B114) -> 20 | R114: =MONTH('data on outstanding creditors'!$B114) -> 2 | S114: =YEAR('data on outstanding creditors'!$B114) -> 2025 | T114: ='data on outstanding creditors'!$C114&" "&'data on outstanding creditors'!$D114&" "&TEXT('data on outstanding creditors'!$E114,"#,##0.00") -> บ.เอเบิ้ล เมดิคอล M2502/0080 50,000.00
B115: 45708 | C115: บ.เอเบิ้ล เมดิคอล | D115: M2502/0290 | E115: 4950 | F115: 4950 | H115: ='data on outstanding creditors'!$E115-'data on outstanding creditors'!$F115-'data on outstanding creditors'!$G115 -> 0 | I115: 45946 | M115: 2.1.01 ค่ายา | N115: กลุ่มงาน เภสัชกรรม | O115: ='data on outstanding creditors'!$E115*100/107 -> 4626.1682 | P115: ='data on outstanding creditors'!$E115-'data on outstanding creditors'!$O115 -> 323.83178 | Q115: =DAY('data on outstanding creditors'!$B115) -> 20 | R115: =MONTH('data on outstanding creditors'!$B115) -> 2 | S115: =YEAR('data on outstanding creditors'!$B115) -> 2025 | T115: ='data on outstanding creditors'!$C115&" "&'data on outstanding creditors'!$D115&" "&TEXT('data on outstanding creditors'!$E115,"#,##0.00") -> บ.เอเบิ้ล เมดิคอล M2502/0290 4,950.00
B116: 45728 | C116: บ.แม็กซิม อินเตอร์คอร์ปอร์เรชั่น | D116: IV25030384 | E116: 27600 | F116: 27600 | H116: ='data on outstanding creditors'!$E116-'data on outstanding creditors'!$F116-'data on outstanding creditors'!$G116 -> 0 | I116: 45946 | M116: 2.1.01 ค่ายา | N116: กลุ่มงาน เภสัชกรรม | O116: ='data on outstanding creditors'!$E116*100/107 -> 25794.393 | P116: ='data on outstanding creditors'!$E116-'data on outstanding creditors'!$O116 -> 1805.6075 | Q116: =DAY('data on outstanding creditors'!$B116) -> 12 | R116: =MONTH('data on outstanding creditors'!$B116) -> 3 | S116: =YEAR('data on outstanding creditors'!$B116) -> 2025 | T116: ='data on outstanding creditors'!$C116&" "&'data on outstanding creditors'!$D116&" "&TEXT('data on outstanding creditors'!$E116,"#,##0.00") -> บ.แม็กซิม อินเตอร์คอร์ปอร์เรชั่น IV25030384 27,600.00
B117: 45729 | C117: บ.ที.โอ.เคมีคอลส์(1979) | D117: T6803/10677 | E117: 3490 | F117: 3490 | H117: ='data on outstanding creditors'!$E117-'data on outstanding creditors'!$F117-'data on outstanding creditors'!$G117 -> 0 | I117: 45946 | M117: 2.1.01 ค่ายา | N117: กลุ่มงาน เภสัชกรรม | O117: ='data on outstanding creditors'!$E117*100/107 -> 3261.6822 | P117: ='data on outstanding creditors'!$E117-'data on outstanding creditors'!$O117 -> 228.31776 | Q117: =DAY('data on outstanding creditors'!$B117) -> 13 | R117: =MONTH('data on outstanding creditors'!$B117) -> 3 | S117: =YEAR('data on outstanding creditors'!$B117) -> 2025 | T117: ='data on outstanding creditors'!$C117&" "&'data on outstanding creditors'!$D117&" "&TEXT('data on outstanding creditors'!$E117,"#,##0.00") -> บ.ที.โอ.เคมีคอลส์(1979) T6803/10677 3,490.00
... B131: 45644 | C131: ร้าน เฟิร์สท เทรดดิ้ง | D131: 670473 | E131: 6000 | F131: 6000 | H131: ='data on outstanding creditors'!$E131-'data on outstanding creditors'!$F131-'data on outstanding creditors'!$G131 -> 0 | I131: 45946 | M131: 2.1.03 ค่าวัสดุการแพทย์ | N131: กลุ่มงาน พัสดุ | O131: ='data on outstanding creditors'!$E131*100/107 -> 5607.4766 | P131: ='data on outstanding creditors'!$E131-'data on outstanding creditors'!$O131 -> 392.52336 | Q131: =DAY('data on outstanding creditors'!$B131) -> 18 | R131: =MONTH('data on outstanding creditors'!$B131) -> 12 | S131: =YEAR('data on outstanding creditors'!$B131) -> 2024 | T131: ='data on outstanding creditors'!$C131&" "&'data on outstanding creditors'!$D131&" "&TEXT('data on outstanding creditors'!$E131,"#,##0.00") -> ร้าน เฟิร์สท เทรดดิ้ง 670473 6,000.00
A132: 105-68 107-68 108-68 | B132: 45649 | C132: บ.เอ็ม ดี ซี (ประเทศไทย) | D132: 6712645 | E132: 35000 | F132: 35000 | H132: ='data on outstanding creditors'!$E132-'data on outstanding creditors'!$F132-'data on outstanding creditors'!$G132 -> 0 | I132: 45946 | M132: 2.1.03 ค่าวัสดุการแพทย์ | N132: กลุ่มงาน พัสดุ | O132: ='data on outstanding creditors'!$E132*100/107 -> 32710.28 | P132: ='data on outstanding creditors'!$E132-'data on outstanding creditors'!$O132 -> 2289.7196 | Q132: =DAY('data on outstanding creditors'!$B132) -> 23 | R132: =MONTH('data on outstanding creditors'!$B132) -> 12 | S132: =YEAR('data on outstanding creditors'!$B132) -> 2024 | T132: ='data on outstanding creditors'!$C132&" "&'data on outstanding creditors'!$D132&" "&TEXT('data on outstanding creditors'!$E132,"#,##0.00") -> บ.เอ็ม ดี ซี (ประเทศไทย) 6712645 35,000.00
A133: 453-68 | B133: 45664 | C133: บ.เอ็ม ดี ซี (ประเทศไทย) | D133: 6800249 | E133: 20000 | F133: 20000 | H133: ='data on outstanding creditors'!$E133-'data on outstanding creditors'!$F133-'data on outstanding creditors'!$G133 -> 0 | I133: 45946 | M133: 2.1.03 ค่าวัสดุการแพทย์ | N133: กลุ่มงาน พัสดุ | O133: ='data on outstanding creditors'!$E133*100/107 -> 18691.589 | P133: ='data on outstanding creditors'!$E133-'data on outstanding creditors'!$O133 -> 1308.4112 | Q133: =DAY('data on outstanding creditors'!$B133) -> 7 | R133: =MONTH('data on outstanding creditors'!$B133) -> 1 | S133: =YEAR('data on outstanding creditors'!$B133) -> 2025 | T133: ='data on outstanding creditors'!$C133&" "&'data on outstanding creditors'!$D133&" "&TEXT('data on outstanding creditors'!$E133,"#,##0.00") -> บ.เอ็ม ดี ซี (ประเทศไทย) 6800249 20,000.00
B134: 45666 | C134: บ.สหแพทย์เภสัช | D134: 8080179017 | E134: 2161.4 | F134: 2161.4 | H134: ='data on outstanding creditors'!$E134-'data on outstanding creditors'!$F134-'data on outstanding creditors'!$G134 -> 0 | I134: 45946 | M134: 2.1.03 ค่าวัสดุการแพทย์ | N134: กลุ่มงาน พัสดุ | O134: ='data on outstanding creditors'!$E134*100/107 -> 2020 | P134: ='data on outstanding creditors'!$E134-'data on outstanding creditors'!$O134 -> 141.4 | Q134: =DAY('data on outstanding creditors'!$B134) -> 9 | R134: =MONTH('data on outstanding creditors'!$B134) -> 1 | S134: =YEAR('data on outstanding creditors'!$B134) -> 2025 | T134: ='data on outstanding creditors'!$C134&" "&'data on outstanding creditors'!$D134&" "&TEXT('data on outstanding creditors'!$E134,"#,##0.00") -> บ.สหแพทย์เภสัช 8080179017 2,161.40
A135: 9-68 | B135: 45666 | C135: ร้าน เฟิร์สท เทรดดิ้ง | D135: 680003 | E135: 25000 | F135: 25000 | H135: ='data on outstanding creditors'!$E135-'data on outstanding creditors'!$F135-'data on outstanding creditors'!$G135 -> 0 | I135: 45946 | M135: 2.1.03 ค่าวัสดุการแพทย์ | N135: กลุ่มงาน พัสดุ | O135: ='data on outstanding creditors'!$E135*100/107 -> 23364.486 | P135: ='data on outstanding creditors'!$E135-'data on outstanding creditors'!$O135 -> 1635.514 | Q135: =DAY('data on outstanding creditors'!$B135) -> 9 | R135: =MONTH('data on outstanding creditors'!$B135) -> 1 | S135: =YEAR('data on outstanding creditors'!$B135) -> 2025 | T135: ='data on outstanding creditors'!$C135&" "&'data on outstanding creditors'!$D135&" "&TEXT('data on outstanding creditors'!$E135,"#,##0.00") -> ร้าน เฟิร์สท เทรดดิ้ง 680003 25,000.00
...

Sheet Sheet1
